<?xml version="1.0"?>
<xml version="1.0" encoding="utf-8"><carts><cart><id_cart>120</id_cart><id_shop_group>0</id_shop_group><id_shop>1</id_shop><id_carrier>4</id_carrier><delivery_option>a:1:{i:0;s:2:"4,";}</delivery_option><id_lang>7</id_lang><id_address_delivery>18</id_address_delivery><id_address_invoice>18</id_address_invoice><id_currency>1</id_currency><id_customer>18</id_customer><id_guest>0</id_guest><secure_key>07a3e3a327b9627684b8a8e2a79c3009</secure_key><recyclable>1</recyclable><gift>0</gift><gift_message></gift_message><allow_seperated_package>0</allow_seperated_package><date_add>2013-06-17 19:20:13</date_add><date_upd>2013-06-17 20:26:58</date_upd></cart><cart><id_cart>122</id_cart><id_shop_group>0</id_shop_group><id_shop>1</id_shop><id_carrier>4</id_carrier><delivery_option>a:1:{i:20;s:2:"4,";}</delivery_option><id_lang>7</id_lang><id_address_delivery>20</id_address_delivery><id_address_invoice>19</id_address_invoice><id_currency>1</id_currency><id_customer>19</id_customer><id_guest>0</id_guest><secure_key>fcb70136b87d170e829182f2b7554eba</secure_key><recyclable>0</recyclable><gift>0</gift><gift_message></gift_message><allow_seperated_package>0</allow_seperated_package><date_add>2013-06-18 12:20:39</date_add><date_upd>2013-06-18 12:47:19</date_upd></cart><cart><id_cart>128</id_cart><id_shop_group>0</id_shop_group><id_shop>1</id_shop><id_carrier>4</id_carrier><delivery_option>a:1:{i:23;s:2:"4,";}</delivery_option><id_lang>7</id_lang><id_address_delivery>23</id_address_delivery><id_address_invoice>22</id_address_invoice><id_currency>1</id_currency><id_customer>20</id_customer><id_guest>0</id_guest><secure_key>656dff780544ed719f0fec31dd6a086f</secure_key><recyclable>0</recyclable><gift>0</gift><gift_message></gift_message><allow_seperated_package>0</allow_seperated_package><date_add>2013-07-16 08:03:20</date_add><date_upd>2013-07-16 08:46:52</date_upd></cart><cart><id_cart>129</id_cart><id_shop_group>0</id_shop_group><id_shop>1</id_shop><id_carrier>4</id_carrier><delivery_option>a:1:{i:22;s:2:"4,";}</delivery_option><id_lang>7</id_lang><id_address_delivery>22</id_address_delivery><id_address_invoice>22</id_address_invoice><id_currency>1</id_currency><id_customer>20</id_customer><id_guest>0</id_guest><secure_key>656dff780544ed719f0fec31dd6a086f</secure_key><recyclable>1</recyclable><gift>0</gift><gift_message></gift_message><allow_seperated_package>0</allow_seperated_package><date_add>2013-07-19 11:23:04</date_add><date_upd>2013-07-19 11:37:25</date_upd></cart><cart><id_cart>133</id_cart><id_shop_group>0</id_shop_group><id_shop>1</id_shop><id_carrier>4</id_carrier><delivery_option>a:1:{i:0;s:2:"4,";}</delivery_option><id_lang>7</id_lang><id_address_delivery>24</id_address_delivery><id_address_invoice>24</id_address_invoice><id_currency>1</id_currency><id_customer>21</id_customer><id_guest>0</id_guest><secure_key>53202f88b15c0682a2a345c876380f50</secure_key><recyclable>1</recyclable><gift>0</gift><gift_message></gift_message><allow_seperated_package>0</allow_seperated_package><date_add>2013-07-25 22:46:10</date_add><date_upd>2013-07-25 23:13:20</date_upd></cart><cart><id_cart>138</id_cart><id_shop_group>0</id_shop_group><id_shop>1</id_shop><id_carrier>4</id_carrier><delivery_option>a:1:{i:23;s:2:"4,";}</delivery_option><id_lang>7</id_lang><id_address_delivery>23</id_address_delivery><id_address_invoice>22</id_address_invoice><id_currency>1</id_currency><id_customer>20</id_customer><id_guest>0</id_guest><secure_key>656dff780544ed719f0fec31dd6a086f</secure_key><recyclable>0</recyclable><gift>0</gift><gift_message></gift_message><allow_seperated_package>0</allow_seperated_package><date_add>2013-08-19 08:12:49</date_add><date_upd>2013-08-19 09:16:23</date_upd></cart><cart><id_cart>143</id_cart><id_shop_group>0</id_shop_group><id_shop>1</id_shop><id_carrier>4</id_carrier><delivery_option>a:1:{i:0;s:2:"4,";}</delivery_option><id_lang>7</id_lang><id_address_delivery>25</id_address_delivery><id_address_invoice>25</id_address_invoice><id_currency>1</id_currency><id_customer>22</id_customer><id_guest>0</id_guest><secure_key>cc6ce570a87f0a0c4025bef07f23d446</secure_key><recyclable>1</recyclable><gift>0</gift><gift_message></gift_message><allow_seperated_package>0</allow_seperated_package><date_add>2013-08-27 20:54:02</date_add><date_upd>2013-08-27 21:02:49</date_upd></cart><cart><id_cart>144</id_cart><id_shop_group>0</id_shop_group><id_shop>1</id_shop><id_carrier>4</id_carrier><delivery_option>a:1:{i:0;s:2:"4,";}</delivery_option><id_lang>7</id_lang><id_address_delivery>26</id_address_delivery><id_address_invoice>26</id_address_invoice><id_currency>1</id_currency><id_customer>23</id_customer><id_guest>0</id_guest><secure_key>3cd7cf2fb3966f407530505a1303dfcf</secure_key><recyclable>1</recyclable><gift>0</gift><gift_message></gift_message><allow_seperated_package>0</allow_seperated_package><date_add>2013-08-27 21:19:20</date_add><date_upd>2013-08-27 21:32:47</date_upd></cart><cart><id_cart>147</id_cart><id_shop_group>0</id_shop_group><id_shop>1</id_shop><id_carrier>4</id_carrier><delivery_option>a:1:{i:0;s:2:"4,";}</delivery_option><id_lang>7</id_lang><id_address_delivery>27</id_address_delivery><id_address_invoice>27</id_address_invoice><id_currency>1</id_currency><id_customer>24</id_customer><id_guest>0</id_guest><secure_key>988d53970aca9eab33e64ba74c093b85</secure_key><recyclable>1</recyclable><gift>0</gift><gift_message></gift_message><allow_seperated_package>0</allow_seperated_package><date_add>2013-09-02 20:35:38</date_add><date_upd>2013-09-02 20:46:20</date_upd></cart><cart><id_cart>148</id_cart><id_shop_group>0</id_shop_group><id_shop>1</id_shop><id_carrier>4</id_carrier><delivery_option>a:1:{i:29;s:2:"4,";}</delivery_option><id_lang>7</id_lang><id_address_delivery>29</id_address_delivery><id_address_invoice>28</id_address_invoice><id_currency>1</id_currency><id_customer>25</id_customer><id_guest>0</id_guest><secure_key>57e2ecb87859d0f1f8c94a328e6de5fe</secure_key><recyclable>0</recyclable><gift>0</gift><gift_message></gift_message><allow_seperated_package>0</allow_seperated_package><date_add>2013-09-02 21:02:45</date_add><date_upd>2013-09-02 21:15:52</date_upd></cart><cart><id_cart>159</id_cart><id_shop_group>0</id_shop_group><id_shop>1</id_shop><id_carrier>4</id_carrier><delivery_option>a:1:{i:0;s:2:"4,";}</delivery_option><id_lang>7</id_lang><id_address_delivery>30</id_address_delivery><id_address_invoice>30</id_address_invoice><id_currency>1</id_currency><id_customer>26</id_customer><id_guest>0</id_guest><secure_key>82d99fd3a1491a03b77772e9968e5477</secure_key><recyclable>1</recyclable><gift>0</gift><gift_message></gift_message><allow_seperated_package>0</allow_seperated_package><date_add>2013-09-16 22:07:35</date_add><date_upd>2013-09-16 22:24:03</date_upd></cart><cart><id_cart>168</id_cart><id_shop_group>0</id_shop_group><id_shop>1</id_shop><id_carrier>4</id_carrier><delivery_option>a:1:{i:27;s:2:"4,";}</delivery_option><id_lang>7</id_lang><id_address_delivery>27</id_address_delivery><id_address_invoice>27</id_address_invoice><id_currency>1</id_currency><id_customer>24</id_customer><id_guest>0</id_guest><secure_key>988d53970aca9eab33e64ba74c093b85</secure_key><recyclable>1</recyclable><gift>0</gift><gift_message></gift_message><allow_seperated_package>0</allow_seperated_package><date_add>2013-09-24 07:08:22</date_add><date_upd>2013-09-24 07:26:03</date_upd></cart><cart><id_cart>174</id_cart><id_shop_group>0</id_shop_group><id_shop>1</id_shop><id_carrier>4</id_carrier><delivery_option>a:1:{i:33;s:2:"4,";}</delivery_option><id_lang>7</id_lang><id_address_delivery>33</id_address_delivery><id_address_invoice>32</id_address_invoice><id_currency>1</id_currency><id_customer>28</id_customer><id_guest>0</id_guest><secure_key>068b6ab1c358bc86617bfc7ac4e71307</secure_key><recyclable>0</recyclable><gift>0</gift><gift_message></gift_message><allow_seperated_package>0</allow_seperated_package><date_add>2013-10-06 23:18:37</date_add><date_upd>2013-10-06 23:55:42</date_upd></cart><cart><id_cart>177</id_cart><id_shop_group>0</id_shop_group><id_shop>1</id_shop><id_carrier>4</id_carrier><delivery_option>a:1:{i:30;s:2:"4,";}</delivery_option><id_lang>7</id_lang><id_address_delivery>30</id_address_delivery><id_address_invoice>30</id_address_invoice><id_currency>1</id_currency><id_customer>26</id_customer><id_guest>0</id_guest><secure_key>82d99fd3a1491a03b77772e9968e5477</secure_key><recyclable>1</recyclable><gift>0</gift><gift_message></gift_message><allow_seperated_package>0</allow_seperated_package><date_add>2013-10-08 21:40:06</date_add><date_upd>2013-10-08 21:54:09</date_upd></cart><cart><id_cart>178</id_cart><id_shop_group>0</id_shop_group><id_shop>1</id_shop><id_carrier>4</id_carrier><delivery_option>a:1:{i:27;s:2:"4,";}</delivery_option><id_lang>7</id_lang><id_address_delivery>27</id_address_delivery><id_address_invoice>27</id_address_invoice><id_currency>1</id_currency><id_customer>24</id_customer><id_guest>0</id_guest><secure_key>988d53970aca9eab33e64ba74c093b85</secure_key><recyclable>1</recyclable><gift>0</gift><gift_message></gift_message><allow_seperated_package>0</allow_seperated_package><date_add>2013-10-08 22:02:54</date_add><date_upd>2013-10-08 22:07:26</date_upd></cart><cart><id_cart>179</id_cart><id_shop_group>0</id_shop_group><id_shop>1</id_shop><id_carrier>4</id_carrier><delivery_option>a:1:{i:20;s:2:"4,";}</delivery_option><id_lang>7</id_lang><id_address_delivery>20</id_address_delivery><id_address_invoice>19</id_address_invoice><id_currency>1</id_currency><id_customer>19</id_customer><id_guest>0</id_guest><secure_key>fcb70136b87d170e829182f2b7554eba</secure_key><recyclable>0</recyclable><gift>0</gift><gift_message></gift_message><allow_seperated_package>0</allow_seperated_package><date_add>2013-10-10 21:24:08</date_add><date_upd>2013-10-10 21:27:08</date_upd></cart><cart><id_cart>180</id_cart><id_shop_group>0</id_shop_group><id_shop>1</id_shop><id_carrier>4</id_carrier><delivery_option>a:1:{i:0;s:2:"4,";}</delivery_option><id_lang>7</id_lang><id_address_delivery>34</id_address_delivery><id_address_invoice>34</id_address_invoice><id_currency>1</id_currency><id_customer>29</id_customer><id_guest>0</id_guest><secure_key>ca50e7150dd6333766b61c068b1afbd9</secure_key><recyclable>1</recyclable><gift>0</gift><gift_message></gift_message><allow_seperated_package>0</allow_seperated_package><date_add>2013-10-14 22:27:26</date_add><date_upd>2013-10-14 22:40:29</date_upd></cart><cart><id_cart>184</id_cart><id_shop_group>0</id_shop_group><id_shop>1</id_shop><id_carrier>4</id_carrier><delivery_option>a:1:{i:33;s:2:"4,";}</delivery_option><id_lang>7</id_lang><id_address_delivery>33</id_address_delivery><id_address_invoice>32</id_address_invoice><id_currency>1</id_currency><id_customer>28</id_customer><id_guest>0</id_guest><secure_key>068b6ab1c358bc86617bfc7ac4e71307</secure_key><recyclable>0</recyclable><gift>0</gift><gift_message></gift_message><allow_seperated_package>0</allow_seperated_package><date_add>2013-10-22 12:39:36</date_add><date_upd>2013-10-22 12:51:26</date_upd></cart><cart><id_cart>187</id_cart><id_shop_group>0</id_shop_group><id_shop>1</id_shop><id_carrier>4</id_carrier><delivery_option>a:1:{i:24;s:2:"4,";}</delivery_option><id_lang>7</id_lang><id_address_delivery>24</id_address_delivery><id_address_invoice>24</id_address_invoice><id_currency>1</id_currency><id_customer>21</id_customer><id_guest>0</id_guest><secure_key>53202f88b15c0682a2a345c876380f50</secure_key><recyclable>1</recyclable><gift>0</gift><gift_message></gift_message><allow_seperated_package>0</allow_seperated_package><date_add>2013-10-24 20:40:59</date_add><date_upd>2013-10-24 20:44:16</date_upd></cart><cart><id_cart>204</id_cart><id_shop_group>0</id_shop_group><id_shop>1</id_shop><id_carrier>4</id_carrier><delivery_option>a:1:{i:27;s:2:"4,";}</delivery_option><id_lang>7</id_lang><id_address_delivery>27</id_address_delivery><id_address_invoice>27</id_address_invoice><id_currency>1</id_currency><id_customer>24</id_customer><id_guest>0</id_guest><secure_key>988d53970aca9eab33e64ba74c093b85</secure_key><recyclable>1</recyclable><gift>0</gift><gift_message></gift_message><allow_seperated_package>0</allow_seperated_package><date_add>2013-11-03 19:28:44</date_add><date_upd>2013-11-03 19:31:01</date_upd></cart><cart><id_cart>206</id_cart><id_shop_group>0</id_shop_group><id_shop>1</id_shop><id_carrier>4</id_carrier><delivery_option>a:1:{i:0;s:2:"4,";}</delivery_option><id_lang>7</id_lang><id_address_delivery>37</id_address_delivery><id_address_invoice>37</id_address_invoice><id_currency>1</id_currency><id_customer>33</id_customer><id_guest>0</id_guest><secure_key>cab3904cbbc5006299a2d96044d969c1</secure_key><recyclable>1</recyclable><gift>0</gift><gift_message></gift_message><allow_seperated_package>0</allow_seperated_package><date_add>2013-11-03 19:49:48</date_add><date_upd>2013-11-05 10:35:31</date_upd></cart><cart><id_cart>214</id_cart><id_shop_group>0</id_shop_group><id_shop>1</id_shop><id_carrier>4</id_carrier><delivery_option>a:1:{i:39;s:2:"4,";}</delivery_option><id_lang>7</id_lang><id_address_delivery>39</id_address_delivery><id_address_invoice>30</id_address_invoice><id_currency>1</id_currency><id_customer>26</id_customer><id_guest>0</id_guest><secure_key>82d99fd3a1491a03b77772e9968e5477</secure_key><recyclable>0</recyclable><gift>0</gift><gift_message></gift_message><allow_seperated_package>0</allow_seperated_package><date_add>2013-11-10 20:44:04</date_add><date_upd>2013-11-10 21:26:19</date_upd></cart><cart><id_cart>222</id_cart><id_shop_group>0</id_shop_group><id_shop>1</id_shop><id_carrier>4</id_carrier><delivery_option>a:1:{i:27;s:2:"4,";}</delivery_option><id_lang>7</id_lang><id_address_delivery>27</id_address_delivery><id_address_invoice>27</id_address_invoice><id_currency>1</id_currency><id_customer>24</id_customer><id_guest>0</id_guest><secure_key>988d53970aca9eab33e64ba74c093b85</secure_key><recyclable>1</recyclable><gift>0</gift><gift_message></gift_message><allow_seperated_package>0</allow_seperated_package><date_add>2013-11-17 20:27:55</date_add><date_upd>2013-11-17 20:37:48</date_upd></cart><cart><id_cart>224</id_cart><id_shop_group>0</id_shop_group><id_shop>1</id_shop><id_carrier>4</id_carrier><delivery_option>a:1:{i:30;s:2:"4,";}</delivery_option><id_lang>7</id_lang><id_address_delivery>30</id_address_delivery><id_address_invoice>30</id_address_invoice><id_currency>1</id_currency><id_customer>26</id_customer><id_guest>0</id_guest><secure_key>82d99fd3a1491a03b77772e9968e5477</secure_key><recyclable>1</recyclable><gift>0</gift><gift_message></gift_message><allow_seperated_package>0</allow_seperated_package><date_add>2013-11-21 08:47:56</date_add><date_upd>2013-11-21 09:02:33</date_upd></cart><cart><id_cart>225</id_cart><id_shop_group>0</id_shop_group><id_shop>1</id_shop><id_carrier>4</id_carrier><delivery_option>a:1:{i:39;s:2:"4,";}</delivery_option><id_lang>7</id_lang><id_address_delivery>39</id_address_delivery><id_address_invoice>30</id_address_invoice><id_currency>1</id_currency><id_customer>26</id_customer><id_guest>0</id_guest><secure_key>82d99fd3a1491a03b77772e9968e5477</secure_key><recyclable>0</recyclable><gift>0</gift><gift_message></gift_message><allow_seperated_package>0</allow_seperated_package><date_add>2013-11-21 21:45:58</date_add><date_upd>2013-11-21 22:02:54</date_upd></cart><cart><id_cart>232</id_cart><id_shop_group>0</id_shop_group><id_shop>1</id_shop><id_carrier>4</id_carrier><delivery_option>a:1:{i:0;s:2:"4,";}</delivery_option><id_lang>7</id_lang><id_address_delivery>42</id_address_delivery><id_address_invoice>42</id_address_invoice><id_currency>1</id_currency><id_customer>37</id_customer><id_guest>0</id_guest><secure_key>651dedc19fb4c748346468f07d93f3d5</secure_key><recyclable>1</recyclable><gift>0</gift><gift_message></gift_message><allow_seperated_package>0</allow_seperated_package><date_add>2013-11-25 22:02:39</date_add><date_upd>2013-11-25 22:18:58</date_upd></cart><cart><id_cart>244</id_cart><id_shop_group>0</id_shop_group><id_shop>1</id_shop><id_carrier>4</id_carrier><delivery_option>a:1:{i:33;s:2:"4,";}</delivery_option><id_lang>7</id_lang><id_address_delivery>33</id_address_delivery><id_address_invoice>32</id_address_invoice><id_currency>1</id_currency><id_customer>28</id_customer><id_guest>0</id_guest><secure_key>068b6ab1c358bc86617bfc7ac4e71307</secure_key><recyclable>0</recyclable><gift>0</gift><gift_message></gift_message><allow_seperated_package>0</allow_seperated_package><date_add>2013-12-03 10:17:56</date_add><date_upd>2013-12-03 22:57:44</date_upd></cart><cart><id_cart>248</id_cart><id_shop_group>0</id_shop_group><id_shop>1</id_shop><id_carrier>4</id_carrier><delivery_option>a:1:{i:51;s:2:"4,";}</delivery_option><id_lang>7</id_lang><id_address_delivery>51</id_address_delivery><id_address_invoice>50</id_address_invoice><id_currency>1</id_currency><id_customer>45</id_customer><id_guest>0</id_guest><secure_key>42e645f0e1dc3978c619616f4577560b</secure_key><recyclable>0</recyclable><gift>0</gift><gift_message></gift_message><allow_seperated_package>0</allow_seperated_package><date_add>2013-12-04 20:04:38</date_add><date_upd>2013-12-04 20:47:03</date_upd></cart><cart><id_cart>249</id_cart><id_shop_group>0</id_shop_group><id_shop>1</id_shop><id_carrier>4</id_carrier><delivery_option>a:1:{i:24;s:2:"4,";}</delivery_option><id_lang>7</id_lang><id_address_delivery>24</id_address_delivery><id_address_invoice>24</id_address_invoice><id_currency>1</id_currency><id_customer>21</id_customer><id_guest>0</id_guest><secure_key>53202f88b15c0682a2a345c876380f50</secure_key><recyclable>1</recyclable><gift>0</gift><gift_message></gift_message><allow_seperated_package>0</allow_seperated_package><date_add>2013-12-04 20:51:46</date_add><date_upd>2013-12-04 20:58:51</date_upd></cart><cart><id_cart>250</id_cart><id_shop_group>0</id_shop_group><id_shop>1</id_shop><id_carrier>4</id_carrier><delivery_option>a:1:{i:27;s:2:"4,";}</delivery_option><id_lang>7</id_lang><id_address_delivery>27</id_address_delivery><id_address_invoice>27</id_address_invoice><id_currency>1</id_currency><id_customer>24</id_customer><id_guest>0</id_guest><secure_key>988d53970aca9eab33e64ba74c093b85</secure_key><recyclable>1</recyclable><gift>0</gift><gift_message></gift_message><allow_seperated_package>0</allow_seperated_package><date_add>2013-12-05 10:54:22</date_add><date_upd>2013-12-05 10:58:45</date_upd></cart><cart><id_cart>259</id_cart><id_shop_group>0</id_shop_group><id_shop>1</id_shop><id_carrier>4</id_carrier><delivery_option>a:1:{i:27;s:2:"4,";}</delivery_option><id_lang>7</id_lang><id_address_delivery>27</id_address_delivery><id_address_invoice>27</id_address_invoice><id_currency>1</id_currency><id_customer>24</id_customer><id_guest>0</id_guest><secure_key>988d53970aca9eab33e64ba74c093b85</secure_key><recyclable>1</recyclable><gift>0</gift><gift_message></gift_message><allow_seperated_package>0</allow_seperated_package><date_add>2013-12-15 22:32:29</date_add><date_upd>2013-12-15 23:02:54</date_upd></cart><cart><id_cart>261</id_cart><id_shop_group>0</id_shop_group><id_shop>1</id_shop><id_carrier>4</id_carrier><delivery_option>a:1:{i:27;s:2:"4,";}</delivery_option><id_lang>7</id_lang><id_address_delivery>27</id_address_delivery><id_address_invoice>27</id_address_invoice><id_currency>1</id_currency><id_customer>24</id_customer><id_guest>0</id_guest><secure_key>988d53970aca9eab33e64ba74c093b85</secure_key><recyclable>1</recyclable><gift>0</gift><gift_message></gift_message><allow_seperated_package>0</allow_seperated_package><date_add>2013-12-19 21:13:32</date_add><date_upd>2013-12-19 21:22:17</date_upd></cart><cart><id_cart>268</id_cart><id_shop_group>0</id_shop_group><id_shop>1</id_shop><id_carrier>4</id_carrier><delivery_option>a:1:{i:51;s:2:"4,";}</delivery_option><id_lang>7</id_lang><id_address_delivery>51</id_address_delivery><id_address_invoice>50</id_address_invoice><id_currency>1</id_currency><id_customer>45</id_customer><id_guest>0</id_guest><secure_key>42e645f0e1dc3978c619616f4577560b</secure_key><recyclable>0</recyclable><gift>0</gift><gift_message></gift_message><allow_seperated_package>0</allow_seperated_package><date_add>2014-01-09 21:56:24</date_add><date_upd>2014-01-09 22:07:50</date_upd></cart><cart><id_cart>273</id_cart><id_shop_group>0</id_shop_group><id_shop>1</id_shop><id_carrier>4</id_carrier><delivery_option>a:1:{i:27;s:2:"4,";}</delivery_option><id_lang>7</id_lang><id_address_delivery>27</id_address_delivery><id_address_invoice>27</id_address_invoice><id_currency>1</id_currency><id_customer>24</id_customer><id_guest>0</id_guest><secure_key>988d53970aca9eab33e64ba74c093b85</secure_key><recyclable>1</recyclable><gift>0</gift><gift_message></gift_message><allow_seperated_package>0</allow_seperated_package><date_add>2014-01-14 09:51:03</date_add><date_upd>2014-01-14 10:37:57</date_upd></cart><cart><id_cart>274</id_cart><id_shop_group>0</id_shop_group><id_shop>1</id_shop><id_carrier>4</id_carrier><delivery_option>a:1:{i:42;s:2:"4,";}</delivery_option><id_lang>7</id_lang><id_address_delivery>42</id_address_delivery><id_address_invoice>42</id_address_invoice><id_currency>1</id_currency><id_customer>37</id_customer><id_guest>0</id_guest><secure_key>651dedc19fb4c748346468f07d93f3d5</secure_key><recyclable>1</recyclable><gift>0</gift><gift_message></gift_message><allow_seperated_package>0</allow_seperated_package><date_add>2014-01-14 10:43:12</date_add><date_upd>2014-01-14 10:52:13</date_upd></cart><cart><id_cart>279</id_cart><id_shop_group>0</id_shop_group><id_shop>1</id_shop><id_carrier>4</id_carrier><delivery_option>a:1:{i:55;s:2:"4,";}</delivery_option><id_lang>7</id_lang><id_address_delivery>55</id_address_delivery><id_address_invoice>50</id_address_invoice><id_currency>1</id_currency><id_customer>45</id_customer><id_guest>0</id_guest><secure_key>42e645f0e1dc3978c619616f4577560b</secure_key><recyclable>0</recyclable><gift>0</gift><gift_message></gift_message><allow_seperated_package>0</allow_seperated_package><date_add>2014-01-15 22:14:13</date_add><date_upd>2014-01-15 22:36:38</date_upd></cart><cart><id_cart>282</id_cart><id_shop_group>0</id_shop_group><id_shop>1</id_shop><id_carrier>4</id_carrier><delivery_option>a:1:{i:0;s:2:"4,";}</delivery_option><id_lang>7</id_lang><id_address_delivery>56</id_address_delivery><id_address_invoice>56</id_address_invoice><id_currency>1</id_currency><id_customer>50</id_customer><id_guest>0</id_guest><secure_key>ee2c045693b30145f923438958ea308e</secure_key><recyclable>1</recyclable><gift>0</gift><gift_message></gift_message><allow_seperated_package>0</allow_seperated_package><date_add>2014-01-20 20:48:17</date_add><date_upd>2014-01-20 21:05:24</date_upd></cart><cart><id_cart>284</id_cart><id_shop_group>0</id_shop_group><id_shop>1</id_shop><id_carrier>4</id_carrier><delivery_option>a:1:{i:30;s:2:"4,";}</delivery_option><id_lang>7</id_lang><id_address_delivery>30</id_address_delivery><id_address_invoice>30</id_address_invoice><id_currency>1</id_currency><id_customer>26</id_customer><id_guest>0</id_guest><secure_key>82d99fd3a1491a03b77772e9968e5477</secure_key><recyclable>0</recyclable><gift>0</gift><gift_message></gift_message><allow_seperated_package>0</allow_seperated_package><date_add>2014-01-23 10:16:00</date_add><date_upd>2014-01-23 10:31:28</date_upd></cart><cart><id_cart>286</id_cart><id_shop_group>0</id_shop_group><id_shop>1</id_shop><id_carrier>4</id_carrier><delivery_option>a:1:{i:29;s:2:"4,";}</delivery_option><id_lang>7</id_lang><id_address_delivery>29</id_address_delivery><id_address_invoice>28</id_address_invoice><id_currency>1</id_currency><id_customer>25</id_customer><id_guest>0</id_guest><secure_key>57e2ecb87859d0f1f8c94a328e6de5fe</secure_key><recyclable>0</recyclable><gift>0</gift><gift_message></gift_message><allow_seperated_package>0</allow_seperated_package><date_add>2014-01-24 12:01:25</date_add><date_upd>2014-01-24 12:04:59</date_upd></cart><cart><id_cart>288</id_cart><id_shop_group>0</id_shop_group><id_shop>1</id_shop><id_carrier>4</id_carrier><delivery_option>a:1:{i:27;s:2:"4,";}</delivery_option><id_lang>7</id_lang><id_address_delivery>27</id_address_delivery><id_address_invoice>27</id_address_invoice><id_currency>1</id_currency><id_customer>24</id_customer><id_guest>0</id_guest><secure_key>988d53970aca9eab33e64ba74c093b85</secure_key><recyclable>1</recyclable><gift>0</gift><gift_message></gift_message><allow_seperated_package>0</allow_seperated_package><date_add>2014-01-27 10:02:59</date_add><date_upd>2014-01-27 10:08:47</date_upd></cart><cart><id_cart>289</id_cart><id_shop_group>0</id_shop_group><id_shop>1</id_shop><id_carrier>4</id_carrier><delivery_option>a:1:{i:39;s:2:"4,";}</delivery_option><id_lang>7</id_lang><id_address_delivery>39</id_address_delivery><id_address_invoice>30</id_address_invoice><id_currency>1</id_currency><id_customer>26</id_customer><id_guest>0</id_guest><secure_key>82d99fd3a1491a03b77772e9968e5477</secure_key><recyclable>0</recyclable><gift>0</gift><gift_message></gift_message><allow_seperated_package>0</allow_seperated_package><date_add>2014-01-27 11:20:01</date_add><date_upd>2014-01-27 11:40:01</date_upd></cart><cart><id_cart>294</id_cart><id_shop_group>0</id_shop_group><id_shop>1</id_shop><id_carrier>4</id_carrier><delivery_option>a:1:{i:26;s:2:"4,";}</delivery_option><id_lang>7</id_lang><id_address_delivery>26</id_address_delivery><id_address_invoice>26</id_address_invoice><id_currency>1</id_currency><id_customer>23</id_customer><id_guest>0</id_guest><secure_key>3cd7cf2fb3966f407530505a1303dfcf</secure_key><recyclable>1</recyclable><gift>0</gift><gift_message></gift_message><allow_seperated_package>0</allow_seperated_package><date_add>2014-02-04 08:40:31</date_add><date_upd>2014-02-04 08:44:11</date_upd></cart><cart><id_cart>310</id_cart><id_shop_group>0</id_shop_group><id_shop>1</id_shop><id_carrier>4</id_carrier><delivery_option>a:1:{i:27;s:2:"4,";}</delivery_option><id_lang>7</id_lang><id_address_delivery>27</id_address_delivery><id_address_invoice>27</id_address_invoice><id_currency>1</id_currency><id_customer>24</id_customer><id_guest>0</id_guest><secure_key>988d53970aca9eab33e64ba74c093b85</secure_key><recyclable>1</recyclable><gift>0</gift><gift_message></gift_message><allow_seperated_package>0</allow_seperated_package><date_add>2014-02-11 10:36:35</date_add><date_upd>2014-02-11 10:44:32</date_upd></cart><cart><id_cart>322</id_cart><id_shop_group>0</id_shop_group><id_shop>1</id_shop><id_carrier>4</id_carrier><delivery_option>a:1:{i:56;s:2:"4,";}</delivery_option><id_lang>7</id_lang><id_address_delivery>56</id_address_delivery><id_address_invoice>56</id_address_invoice><id_currency>1</id_currency><id_customer>50</id_customer><id_guest>0</id_guest><secure_key>ee2c045693b30145f923438958ea308e</secure_key><recyclable>1</recyclable><gift>0</gift><gift_message></gift_message><allow_seperated_package>0</allow_seperated_package><date_add>2014-02-20 21:20:35</date_add><date_upd>2014-02-20 21:26:12</date_upd></cart><cart><id_cart>324</id_cart><id_shop_group>0</id_shop_group><id_shop>1</id_shop><id_carrier>4</id_carrier><delivery_option>a:1:{i:42;s:2:"4,";}</delivery_option><id_lang>7</id_lang><id_address_delivery>42</id_address_delivery><id_address_invoice>42</id_address_invoice><id_currency>1</id_currency><id_customer>37</id_customer><id_guest>0</id_guest><secure_key>651dedc19fb4c748346468f07d93f3d5</secure_key><recyclable>1</recyclable><gift>0</gift><gift_message></gift_message><allow_seperated_package>0</allow_seperated_package><date_add>2014-02-22 22:12:11</date_add><date_upd>2014-02-22 22:18:19</date_upd></cart><cart><id_cart>343</id_cart><id_shop_group>0</id_shop_group><id_shop>1</id_shop><id_carrier>4</id_carrier><delivery_option>a:1:{i:27;s:2:"4,";}</delivery_option><id_lang>7</id_lang><id_address_delivery>27</id_address_delivery><id_address_invoice>27</id_address_invoice><id_currency>1</id_currency><id_customer>24</id_customer><id_guest>0</id_guest><secure_key>988d53970aca9eab33e64ba74c093b85</secure_key><recyclable>1</recyclable><gift>0</gift><gift_message></gift_message><allow_seperated_package>0</allow_seperated_package><date_add>2014-03-10 23:54:21</date_add><date_upd>2014-03-11 00:12:52</date_upd></cart><cart><id_cart>344</id_cart><id_shop_group>0</id_shop_group><id_shop>1</id_shop><id_carrier>4</id_carrier><delivery_option>a:1:{i:39;s:2:"4,";}</delivery_option><id_lang>7</id_lang><id_address_delivery>39</id_address_delivery><id_address_invoice>30</id_address_invoice><id_currency>1</id_currency><id_customer>26</id_customer><id_guest>0</id_guest><secure_key>82d99fd3a1491a03b77772e9968e5477</secure_key><recyclable>0</recyclable><gift>0</gift><gift_message></gift_message><allow_seperated_package>0</allow_seperated_package><date_add>2014-03-11 11:37:37</date_add><date_upd>2014-03-11 11:42:14</date_upd></cart><cart><id_cart>358</id_cart><id_shop_group>0</id_shop_group><id_shop>1</id_shop><id_carrier>4</id_carrier><delivery_option>a:1:{i:33;s:2:"4,";}</delivery_option><id_lang>7</id_lang><id_address_delivery>33</id_address_delivery><id_address_invoice>32</id_address_invoice><id_currency>1</id_currency><id_customer>28</id_customer><id_guest>0</id_guest><secure_key>068b6ab1c358bc86617bfc7ac4e71307</secure_key><recyclable>0</recyclable><gift>0</gift><gift_message></gift_message><allow_seperated_package>0</allow_seperated_package><date_add>2014-04-02 09:26:21</date_add><date_upd>2014-04-02 09:39:59</date_upd></cart><cart><id_cart>360</id_cart><id_shop_group>0</id_shop_group><id_shop>1</id_shop><id_carrier>4</id_carrier><delivery_option>a:1:{i:0;s:2:"4,";}</delivery_option><id_lang>7</id_lang><id_address_delivery>68</id_address_delivery><id_address_invoice>68</id_address_invoice><id_currency>1</id_currency><id_customer>62</id_customer><id_guest>0</id_guest><secure_key>e56f1b23be521a91a56708c46768f149</secure_key><recyclable>1</recyclable><gift>0</gift><gift_message></gift_message><allow_seperated_package>0</allow_seperated_package><date_add>2014-04-03 14:39:08</date_add><date_upd>2014-04-03 14:43:24</date_upd></cart><cart><id_cart>365</id_cart><id_shop_group>0</id_shop_group><id_shop>1</id_shop><id_carrier>4</id_carrier><delivery_option>a:1:{i:0;s:2:"4,";}</delivery_option><id_lang>7</id_lang><id_address_delivery>70</id_address_delivery><id_address_invoice>70</id_address_invoice><id_currency>1</id_currency><id_customer>64</id_customer><id_guest>0</id_guest><secure_key>7f72387f83876c89f8ad5f01c962d5c8</secure_key><recyclable>1</recyclable><gift>0</gift><gift_message></gift_message><allow_seperated_package>0</allow_seperated_package><date_add>2014-04-07 21:05:52</date_add><date_upd>2014-04-07 21:16:42</date_upd></cart><cart><id_cart>367</id_cart><id_shop_group>0</id_shop_group><id_shop>1</id_shop><id_carrier>4</id_carrier><delivery_option>a:1:{i:51;s:2:"4,";}</delivery_option><id_lang>7</id_lang><id_address_delivery>51</id_address_delivery><id_address_invoice>50</id_address_invoice><id_currency>1</id_currency><id_customer>45</id_customer><id_guest>0</id_guest><secure_key>42e645f0e1dc3978c619616f4577560b</secure_key><recyclable>0</recyclable><gift>0</gift><gift_message></gift_message><allow_seperated_package>0</allow_seperated_package><date_add>2014-04-09 06:20:40</date_add><date_upd>2014-04-09 06:34:22</date_upd></cart><cart><id_cart>372</id_cart><id_shop_group>0</id_shop_group><id_shop>1</id_shop><id_carrier>4</id_carrier><delivery_option>a:1:{i:0;s:2:"4,";}</delivery_option><id_lang>7</id_lang><id_address_delivery>71</id_address_delivery><id_address_invoice>71</id_address_invoice><id_currency>1</id_currency><id_customer>66</id_customer><id_guest>0</id_guest><secure_key>2b314722c3e63e80c76e1c3164d3a61f</secure_key><recyclable>1</recyclable><gift>0</gift><gift_message></gift_message><allow_seperated_package>0</allow_seperated_package><date_add>2014-04-21 19:51:48</date_add><date_upd>2014-04-21 20:08:30</date_upd></cart><cart><id_cart>373</id_cart><id_shop_group>0</id_shop_group><id_shop>1</id_shop><id_carrier>4</id_carrier><delivery_option>a:1:{i:0;s:2:"4,";}</delivery_option><id_lang>7</id_lang><id_address_delivery>72</id_address_delivery><id_address_invoice>72</id_address_invoice><id_currency>1</id_currency><id_customer>67</id_customer><id_guest>0</id_guest><secure_key>6c2df022f9e5db8d723abfe77c8eff06</secure_key><recyclable>1</recyclable><gift>0</gift><gift_message></gift_message><allow_seperated_package>0</allow_seperated_package><date_add>2014-04-21 20:17:54</date_add><date_upd>2014-04-21 20:59:13</date_upd></cart><cart><id_cart>377</id_cart><id_shop_group>0</id_shop_group><id_shop>1</id_shop><id_carrier>4</id_carrier><delivery_option>a:1:{i:56;s:2:"4,";}</delivery_option><id_lang>7</id_lang><id_address_delivery>56</id_address_delivery><id_address_invoice>56</id_address_invoice><id_currency>1</id_currency><id_customer>50</id_customer><id_guest>0</id_guest><secure_key>ee2c045693b30145f923438958ea308e</secure_key><recyclable>1</recyclable><gift>0</gift><gift_message></gift_message><allow_seperated_package>0</allow_seperated_package><date_add>2014-04-28 09:24:19</date_add><date_upd>2014-04-28 09:28:00</date_upd></cart><cart><id_cart>384</id_cart><id_shop_group>0</id_shop_group><id_shop>1</id_shop><id_carrier>4</id_carrier><delivery_option>a:1:{i:71;s:2:"4,";}</delivery_option><id_lang>7</id_lang><id_address_delivery>71</id_address_delivery><id_address_invoice>71</id_address_invoice><id_currency>1</id_currency><id_customer>66</id_customer><id_guest>0</id_guest><secure_key>2b314722c3e63e80c76e1c3164d3a61f</secure_key><recyclable>1</recyclable><gift>0</gift><gift_message></gift_message><allow_seperated_package>0</allow_seperated_package><date_add>2014-05-15 20:30:37</date_add><date_upd>2014-05-15 20:37:28</date_upd></cart><cart><id_cart>386</id_cart><id_shop_group>0</id_shop_group><id_shop>1</id_shop><id_carrier>4</id_carrier><delivery_option>a:1:{i:56;s:2:"4,";}</delivery_option><id_lang>7</id_lang><id_address_delivery>56</id_address_delivery><id_address_invoice>56</id_address_invoice><id_currency>1</id_currency><id_customer>50</id_customer><id_guest>0</id_guest><secure_key>ee2c045693b30145f923438958ea308e</secure_key><recyclable>1</recyclable><gift>0</gift><gift_message></gift_message><allow_seperated_package>0</allow_seperated_package><date_add>2014-05-17 10:35:33</date_add><date_upd>2014-05-17 10:49:28</date_upd></cart><cart><id_cart>388</id_cart><id_shop_group>0</id_shop_group><id_shop>1</id_shop><id_carrier>4</id_carrier><delivery_option>a:1:{i:59;s:2:"4,";}</delivery_option><id_lang>7</id_lang><id_address_delivery>59</id_address_delivery><id_address_invoice>59</id_address_invoice><id_currency>1</id_currency><id_customer>53</id_customer><id_guest>0</id_guest><secure_key>35e5c78c71204f05ad05daa93c89d6d6</secure_key><recyclable>1</recyclable><gift>0</gift><gift_message></gift_message><allow_seperated_package>0</allow_seperated_package><date_add>2014-05-19 15:18:32</date_add><date_upd>2014-05-19 15:29:32</date_upd></cart><cart><id_cart>390</id_cart><id_shop_group>0</id_shop_group><id_shop>1</id_shop><id_carrier>4</id_carrier><delivery_option>a:1:{i:39;s:2:"4,";}</delivery_option><id_lang>7</id_lang><id_address_delivery>39</id_address_delivery><id_address_invoice>30</id_address_invoice><id_currency>1</id_currency><id_customer>26</id_customer><id_guest>0</id_guest><secure_key>82d99fd3a1491a03b77772e9968e5477</secure_key><recyclable>0</recyclable><gift>0</gift><gift_message></gift_message><allow_seperated_package>0</allow_seperated_package><date_add>2014-05-20 06:10:20</date_add><date_upd>2014-05-20 06:28:00</date_upd></cart><cart><id_cart>399</id_cart><id_shop_group>0</id_shop_group><id_shop>1</id_shop><id_carrier>4</id_carrier><delivery_option>a:1:{i:10;s:2:"4,";}</delivery_option><id_lang>7</id_lang><id_address_delivery>10</id_address_delivery><id_address_invoice>10</id_address_invoice><id_currency>1</id_currency><id_customer>11</id_customer><id_guest>0</id_guest><secure_key>f42bfa440208f5521a848fd930649cad</secure_key><recyclable>1</recyclable><gift>0</gift><gift_message></gift_message><allow_seperated_package>0</allow_seperated_package><date_add>2014-05-28 15:39:34</date_add><date_upd>2014-05-28 15:43:37</date_upd></cart><cart><id_cart>401</id_cart><id_shop_group>0</id_shop_group><id_shop>1</id_shop><id_carrier>4</id_carrier><delivery_option>a:1:{i:40;s:2:"4,";}</delivery_option><id_lang>7</id_lang><id_address_delivery>40</id_address_delivery><id_address_invoice>40</id_address_invoice><id_currency>1</id_currency><id_customer>34</id_customer><id_guest>0</id_guest><secure_key>1fce09781bfb2d386559a490c4528876</secure_key><recyclable>1</recyclable><gift>0</gift><gift_message></gift_message><allow_seperated_package>0</allow_seperated_package><date_add>2014-05-30 16:29:25</date_add><date_upd>2014-05-30 16:31:53</date_upd></cart><cart><id_cart>404</id_cart><id_shop_group>0</id_shop_group><id_shop>1</id_shop><id_carrier>4</id_carrier><delivery_option>a:1:{i:71;s:2:"4,";}</delivery_option><id_lang>7</id_lang><id_address_delivery>71</id_address_delivery><id_address_invoice>71</id_address_invoice><id_currency>1</id_currency><id_customer>66</id_customer><id_guest>0</id_guest><secure_key>2b314722c3e63e80c76e1c3164d3a61f</secure_key><recyclable>1</recyclable><gift>0</gift><gift_message></gift_message><allow_seperated_package>0</allow_seperated_package><date_add>2014-06-02 15:48:33</date_add><date_upd>2014-06-02 15:53:26</date_upd></cart><cart><id_cart>407</id_cart><id_shop_group>0</id_shop_group><id_shop>1</id_shop><id_carrier>4</id_carrier><delivery_option>a:1:{i:21;s:2:"4,";}</delivery_option><id_lang>7</id_lang><id_address_delivery>21</id_address_delivery><id_address_invoice>21</id_address_invoice><id_currency>1</id_currency><id_customer>17</id_customer><id_guest>0</id_guest><secure_key>88245e37be1b1eb0a260e0280d9ea111</secure_key><recyclable>1</recyclable><gift>0</gift><gift_message></gift_message><allow_seperated_package>0</allow_seperated_package><date_add>2014-06-10 18:48:45</date_add><date_upd>2014-06-10 19:00:16</date_upd></cart><cart><id_cart>414</id_cart><id_shop_group>0</id_shop_group><id_shop>1</id_shop><id_carrier>4</id_carrier><delivery_option>a:1:{i:39;s:2:"4,";}</delivery_option><id_lang>7</id_lang><id_address_delivery>39</id_address_delivery><id_address_invoice>30</id_address_invoice><id_currency>1</id_currency><id_customer>26</id_customer><id_guest>0</id_guest><secure_key>82d99fd3a1491a03b77772e9968e5477</secure_key><recyclable>0</recyclable><gift>0</gift><gift_message></gift_message><allow_seperated_package>0</allow_seperated_package><date_add>2014-07-06 22:34:20</date_add><date_upd>2014-07-06 22:43:28</date_upd></cart><cart><id_cart>416</id_cart><id_shop_group>0</id_shop_group><id_shop>1</id_shop><id_carrier>4</id_carrier><delivery_option>a:1:{i:39;s:2:"4,";}</delivery_option><id_lang>7</id_lang><id_address_delivery>39</id_address_delivery><id_address_invoice>30</id_address_invoice><id_currency>1</id_currency><id_customer>26</id_customer><id_guest>0</id_guest><secure_key>82d99fd3a1491a03b77772e9968e5477</secure_key><recyclable>0</recyclable><gift>0</gift><gift_message></gift_message><allow_seperated_package>0</allow_seperated_package><date_add>2014-07-14 09:06:02</date_add><date_upd>2014-07-14 09:14:32</date_upd></cart><cart><id_cart>422</id_cart><id_shop_group>0</id_shop_group><id_shop>1</id_shop><id_carrier>4</id_carrier><delivery_option>a:1:{i:30;s:2:"4,";}</delivery_option><id_lang>7</id_lang><id_address_delivery>30</id_address_delivery><id_address_invoice>30</id_address_invoice><id_currency>1</id_currency><id_customer>26</id_customer><id_guest>0</id_guest><secure_key>82d99fd3a1491a03b77772e9968e5477</secure_key><recyclable>1</recyclable><gift>0</gift><gift_message></gift_message><allow_seperated_package>0</allow_seperated_package><date_add>2014-07-30 08:33:04</date_add><date_upd>2014-07-30 08:43:36</date_upd></cart><cart><id_cart>423</id_cart><id_shop_group>0</id_shop_group><id_shop>1</id_shop><id_carrier>4</id_carrier><delivery_option>a:1:{i:27;s:2:"4,";}</delivery_option><id_lang>7</id_lang><id_address_delivery>27</id_address_delivery><id_address_invoice>27</id_address_invoice><id_currency>1</id_currency><id_customer>24</id_customer><id_guest>0</id_guest><secure_key>988d53970aca9eab33e64ba74c093b85</secure_key><recyclable>1</recyclable><gift>0</gift><gift_message></gift_message><allow_seperated_package>0</allow_seperated_package><date_add>2014-08-04 15:30:51</date_add><date_upd>2014-08-04 15:51:45</date_upd></cart><cart><id_cart>424</id_cart><id_shop_group>0</id_shop_group><id_shop>1</id_shop><id_carrier>4</id_carrier><delivery_option>a:1:{i:0;s:2:"4,";}</delivery_option><id_lang>7</id_lang><id_address_delivery>76</id_address_delivery><id_address_invoice>76</id_address_invoice><id_currency>1</id_currency><id_customer>72</id_customer><id_guest>0</id_guest><secure_key>389de0756f7fdd14e42dc88bd6166fcf</secure_key><recyclable>1</recyclable><gift>0</gift><gift_message></gift_message><allow_seperated_package>0</allow_seperated_package><date_add>2014-08-15 10:53:42</date_add><date_upd>2014-08-15 11:00:54</date_upd></cart><cart><id_cart>403</id_cart><id_shop_group>0</id_shop_group><id_shop>1</id_shop><id_carrier>4</id_carrier><delivery_option>a:1:{i:58;s:2:"4,";}</delivery_option><id_lang>7</id_lang><id_address_delivery>58</id_address_delivery><id_address_invoice>58</id_address_invoice><id_currency>1</id_currency><id_customer>52</id_customer><id_guest>0</id_guest><secure_key>9198f709d620e0ff0efcafda6084f157</secure_key><recyclable>1</recyclable><gift>0</gift><gift_message></gift_message><allow_seperated_package>0</allow_seperated_package><date_add>2014-06-02 09:40:17</date_add><date_upd>2014-08-20 16:27:24</date_upd></cart><cart><id_cart>425</id_cart><id_shop_group>0</id_shop_group><id_shop>1</id_shop><id_carrier>4</id_carrier><delivery_option>a:1:{i:46;s:2:"4,";}</delivery_option><id_lang>7</id_lang><id_address_delivery>46</id_address_delivery><id_address_invoice>46</id_address_invoice><id_currency>1</id_currency><id_customer>41</id_customer><id_guest>0</id_guest><secure_key>855729ad662fdbcbc98e4b9b9cf7ccb1</secure_key><recyclable>1</recyclable><gift>0</gift><gift_message></gift_message><allow_seperated_package>0</allow_seperated_package><date_add>2014-08-21 08:49:33</date_add><date_upd>2014-08-21 09:07:15</date_upd></cart><cart><id_cart>426</id_cart><id_shop_group>0</id_shop_group><id_shop>1</id_shop><id_carrier>4</id_carrier><delivery_option>a:1:{i:58;s:2:"4,";}</delivery_option><id_lang>7</id_lang><id_address_delivery>58</id_address_delivery><id_address_invoice>58</id_address_invoice><id_currency>1</id_currency><id_customer>52</id_customer><id_guest>0</id_guest><secure_key>9198f709d620e0ff0efcafda6084f157</secure_key><recyclable>1</recyclable><gift>0</gift><gift_message></gift_message><allow_seperated_package>0</allow_seperated_package><date_add>2014-08-21 09:44:08</date_add><date_upd>2014-08-21 14:00:00</date_upd></cart><cart><id_cart>429</id_cart><id_shop_group>0</id_shop_group><id_shop>1</id_shop><id_carrier>4</id_carrier><delivery_option>a:1:{i:0;s:2:"4,";}</delivery_option><id_lang>7</id_lang><id_address_delivery>77</id_address_delivery><id_address_invoice>77</id_address_invoice><id_currency>1</id_currency><id_customer>73</id_customer><id_guest>0</id_guest><secure_key>5f2fcd35c3b01d8602b051069a29dfec</secure_key><recyclable>1</recyclable><gift>0</gift><gift_message></gift_message><allow_seperated_package>0</allow_seperated_package><date_add>2014-08-26 12:40:14</date_add><date_upd>2014-08-26 12:48:19</date_upd></cart><cart><id_cart>430</id_cart><id_shop_group>0</id_shop_group><id_shop>1</id_shop><id_carrier>4</id_carrier><delivery_option>a:1:{i:12;s:2:"4,";}</delivery_option><id_lang>7</id_lang><id_address_delivery>12</id_address_delivery><id_address_invoice>12</id_address_invoice><id_currency>1</id_currency><id_customer>13</id_customer><id_guest>0</id_guest><secure_key>b0df3dd0d769ccef13c961635eba6c25</secure_key><recyclable>1</recyclable><gift>0</gift><gift_message></gift_message><allow_seperated_package>0</allow_seperated_package><date_add>2014-08-27 19:52:53</date_add><date_upd>2014-08-27 19:59:44</date_upd></cart><cart><id_cart>431</id_cart><id_shop_group>0</id_shop_group><id_shop>1</id_shop><id_carrier>4</id_carrier><delivery_option>a:1:{i:44;s:2:"4,";}</delivery_option><id_lang>7</id_lang><id_address_delivery>44</id_address_delivery><id_address_invoice>44</id_address_invoice><id_currency>1</id_currency><id_customer>39</id_customer><id_guest>0</id_guest><secure_key>792fb1a7c7218cc322e592cdc1cad274</secure_key><recyclable>1</recyclable><gift>0</gift><gift_message></gift_message><allow_seperated_package>0</allow_seperated_package><date_add>2014-08-27 20:00:11</date_add><date_upd>2014-08-27 20:04:10</date_upd></cart><cart><id_cart>428</id_cart><id_shop_group>0</id_shop_group><id_shop>1</id_shop><id_carrier>4</id_carrier><delivery_option>a:1:{i:11;s:2:"4,";}</delivery_option><id_lang>7</id_lang><id_address_delivery>11</id_address_delivery><id_address_invoice>11</id_address_invoice><id_currency>1</id_currency><id_customer>12</id_customer><id_guest>0</id_guest><secure_key>158577c232e5112ffab219e799283c2a</secure_key><recyclable>1</recyclable><gift>0</gift><gift_message></gift_message><allow_seperated_package>0</allow_seperated_package><date_add>2014-08-25 15:12:42</date_add><date_upd>2014-08-27 20:06:44</date_upd></cart><cart><id_cart>433</id_cart><id_shop_group>0</id_shop_group><id_shop>1</id_shop><id_carrier>4</id_carrier><delivery_option>a:1:{i:58;s:2:"4,";}</delivery_option><id_lang>7</id_lang><id_address_delivery>58</id_address_delivery><id_address_invoice>58</id_address_invoice><id_currency>1</id_currency><id_customer>52</id_customer><id_guest>0</id_guest><secure_key>9198f709d620e0ff0efcafda6084f157</secure_key><recyclable>1</recyclable><gift>0</gift><gift_message></gift_message><allow_seperated_package>0</allow_seperated_package><date_add>2014-09-02 07:56:04</date_add><date_upd>2014-09-02 08:01:39</date_upd></cart><cart><id_cart>432</id_cart><id_shop_group>0</id_shop_group><id_shop>1</id_shop><id_carrier>4</id_carrier><delivery_option>a:1:{i:11;s:2:"4,";}</delivery_option><id_lang>7</id_lang><id_address_delivery>11</id_address_delivery><id_address_invoice>11</id_address_invoice><id_currency>1</id_currency><id_customer>12</id_customer><id_guest>0</id_guest><secure_key>158577c232e5112ffab219e799283c2a</secure_key><recyclable>1</recyclable><gift>0</gift><gift_message></gift_message><allow_seperated_package>0</allow_seperated_package><date_add>2014-09-01 01:06:34</date_add><date_upd>2014-09-02 22:10:46</date_upd></cart><cart><id_cart>437</id_cart><id_shop_group>0</id_shop_group><id_shop>1</id_shop><id_carrier>4</id_carrier><delivery_option>a:1:{i:11;s:2:"4,";}</delivery_option><id_lang>7</id_lang><id_address_delivery>11</id_address_delivery><id_address_invoice>11</id_address_invoice><id_currency>1</id_currency><id_customer>12</id_customer><id_guest>0</id_guest><secure_key>158577c232e5112ffab219e799283c2a</secure_key><recyclable>1</recyclable><gift>0</gift><gift_message></gift_message><allow_seperated_package>0</allow_seperated_package><date_add>2014-09-04 19:39:56</date_add><date_upd>2014-09-04 19:41:31</date_upd></cart><cart><id_cart>438</id_cart><id_shop_group>0</id_shop_group><id_shop>1</id_shop><id_carrier>4</id_carrier><delivery_option>a:1:{i:21;s:2:"4,";}</delivery_option><id_lang>7</id_lang><id_address_delivery>21</id_address_delivery><id_address_invoice>21</id_address_invoice><id_currency>1</id_currency><id_customer>17</id_customer><id_guest>0</id_guest><secure_key>88245e37be1b1eb0a260e0280d9ea111</secure_key><recyclable>1</recyclable><gift>0</gift><gift_message></gift_message><allow_seperated_package>0</allow_seperated_package><date_add>2014-09-04 22:59:26</date_add><date_upd>2014-09-04 23:05:52</date_upd></cart><cart><id_cart>439</id_cart><id_shop_group>0</id_shop_group><id_shop>1</id_shop><id_carrier>4</id_carrier><delivery_option>a:1:{i:40;s:2:"4,";}</delivery_option><id_lang>7</id_lang><id_address_delivery>40</id_address_delivery><id_address_invoice>40</id_address_invoice><id_currency>1</id_currency><id_customer>34</id_customer><id_guest>0</id_guest><secure_key>1fce09781bfb2d386559a490c4528876</secure_key><recyclable>1</recyclable><gift>0</gift><gift_message></gift_message><allow_seperated_package>0</allow_seperated_package><date_add>2014-09-05 12:45:18</date_add><date_upd>2014-09-05 12:52:47</date_upd></cart><cart><id_cart>440</id_cart><id_shop_group>0</id_shop_group><id_shop>1</id_shop><id_carrier>4</id_carrier><delivery_option>a:1:{i:56;s:2:"4,";}</delivery_option><id_lang>7</id_lang><id_address_delivery>56</id_address_delivery><id_address_invoice>56</id_address_invoice><id_currency>1</id_currency><id_customer>50</id_customer><id_guest>0</id_guest><secure_key>ee2c045693b30145f923438958ea308e</secure_key><recyclable>1</recyclable><gift>0</gift><gift_message></gift_message><allow_seperated_package>0</allow_seperated_package><date_add>2014-09-08 22:48:00</date_add><date_upd>2014-09-08 23:08:38</date_upd></cart><cart><id_cart>443</id_cart><id_shop_group>0</id_shop_group><id_shop>1</id_shop><id_carrier>4</id_carrier><delivery_option>a:1:{i:46;s:2:"4,";}</delivery_option><id_lang>7</id_lang><id_address_delivery>46</id_address_delivery><id_address_invoice>46</id_address_invoice><id_currency>1</id_currency><id_customer>41</id_customer><id_guest>0</id_guest><secure_key>855729ad662fdbcbc98e4b9b9cf7ccb1</secure_key><recyclable>1</recyclable><gift>0</gift><gift_message></gift_message><allow_seperated_package>0</allow_seperated_package><date_add>2014-09-16 16:04:38</date_add><date_upd>2014-09-16 16:07:08</date_upd></cart><cart><id_cart>441</id_cart><id_shop_group>0</id_shop_group><id_shop>1</id_shop><id_carrier>4</id_carrier><delivery_option>a:1:{i:11;s:2:"4,";}</delivery_option><id_lang>7</id_lang><id_address_delivery>11</id_address_delivery><id_address_invoice>11</id_address_invoice><id_currency>1</id_currency><id_customer>12</id_customer><id_guest>0</id_guest><secure_key>158577c232e5112ffab219e799283c2a</secure_key><recyclable>1</recyclable><gift>0</gift><gift_message></gift_message><allow_seperated_package>0</allow_seperated_package><date_add>2014-09-10 14:34:41</date_add><date_upd>2014-09-16 16:11:17</date_upd></cart><cart><id_cart>444</id_cart><id_shop_group>0</id_shop_group><id_shop>1</id_shop><id_carrier>4</id_carrier><delivery_option>a:1:{i:51;s:2:"4,";}</delivery_option><id_lang>7</id_lang><id_address_delivery>51</id_address_delivery><id_address_invoice>50</id_address_invoice><id_currency>1</id_currency><id_customer>45</id_customer><id_guest>0</id_guest><secure_key>42e645f0e1dc3978c619616f4577560b</secure_key><recyclable>0</recyclable><gift>0</gift><gift_message></gift_message><allow_seperated_package>0</allow_seperated_package><date_add>2014-09-19 07:56:23</date_add><date_upd>2014-09-19 08:01:08</date_upd></cart><cart><id_cart>445</id_cart><id_shop_group>0</id_shop_group><id_shop>1</id_shop><id_carrier>4</id_carrier><delivery_option>a:1:{i:11;s:2:"4,";}</delivery_option><id_lang>7</id_lang><id_address_delivery>11</id_address_delivery><id_address_invoice>11</id_address_invoice><id_currency>1</id_currency><id_customer>12</id_customer><id_guest>0</id_guest><secure_key>158577c232e5112ffab219e799283c2a</secure_key><recyclable>1</recyclable><gift>0</gift><gift_message></gift_message><allow_seperated_package>0</allow_seperated_package><date_add>2014-09-22 16:20:12</date_add><date_upd>2014-09-22 16:23:02</date_upd></cart><cart><id_cart>446</id_cart><id_shop_group>0</id_shop_group><id_shop>1</id_shop><id_carrier>4</id_carrier><delivery_option>a:1:{i:10;s:2:"4,";}</delivery_option><id_lang>7</id_lang><id_address_delivery>10</id_address_delivery><id_address_invoice>10</id_address_invoice><id_currency>1</id_currency><id_customer>11</id_customer><id_guest>0</id_guest><secure_key>f42bfa440208f5521a848fd930649cad</secure_key><recyclable>1</recyclable><gift>0</gift><gift_message></gift_message><allow_seperated_package>0</allow_seperated_package><date_add>2014-09-24 14:57:53</date_add><date_upd>2014-09-24 15:04:44</date_upd></cart><cart><id_cart>447</id_cart><id_shop_group>0</id_shop_group><id_shop>1</id_shop><id_carrier>4</id_carrier><delivery_option>a:1:{i:12;s:2:"4,";}</delivery_option><id_lang>7</id_lang><id_address_delivery>12</id_address_delivery><id_address_invoice>12</id_address_invoice><id_currency>1</id_currency><id_customer>13</id_customer><id_guest>0</id_guest><secure_key>b0df3dd0d769ccef13c961635eba6c25</secure_key><recyclable>1</recyclable><gift>0</gift><gift_message></gift_message><allow_seperated_package>0</allow_seperated_package><date_add>2014-09-24 15:04:58</date_add><date_upd>2014-09-24 15:11:03</date_upd></cart><cart><id_cart>448</id_cart><id_shop_group>0</id_shop_group><id_shop>1</id_shop><id_carrier>4</id_carrier><delivery_option>a:1:{i:46;s:2:"4,";}</delivery_option><id_lang>7</id_lang><id_address_delivery>46</id_address_delivery><id_address_invoice>46</id_address_invoice><id_currency>1</id_currency><id_customer>41</id_customer><id_guest>0</id_guest><secure_key>855729ad662fdbcbc98e4b9b9cf7ccb1</secure_key><recyclable>1</recyclable><gift>0</gift><gift_message></gift_message><allow_seperated_package>0</allow_seperated_package><date_add>2014-09-25 13:46:28</date_add><date_upd>2014-09-25 13:49:58</date_upd></cart><cart><id_cart>449</id_cart><id_shop_group>0</id_shop_group><id_shop>1</id_shop><id_carrier>4</id_carrier><delivery_option>a:1:{i:11;s:2:"4,";}</delivery_option><id_lang>7</id_lang><id_address_delivery>11</id_address_delivery><id_address_invoice>11</id_address_invoice><id_currency>1</id_currency><id_customer>12</id_customer><id_guest>0</id_guest><secure_key>158577c232e5112ffab219e799283c2a</secure_key><recyclable>1</recyclable><gift>0</gift><gift_message></gift_message><allow_seperated_package>0</allow_seperated_package><date_add>2014-09-29 17:43:47</date_add><date_upd>2014-09-29 17:47:20</date_upd></cart></carts></xml>
