<?xml version="1.0"?>
<xml version="1.0" encoding="utf-8"><cart_cart_rules><cart_cart_rule><id_cart>120</id_cart><id_cart_rule>5</id_cart_rule></cart_cart_rule><cart_cart_rule><id_cart>122</id_cart><id_cart_rule>6</id_cart_rule></cart_cart_rule><cart_cart_rule><id_cart>128</id_cart><id_cart_rule>7</id_cart_rule></cart_cart_rule><cart_cart_rule><id_cart>129</id_cart><id_cart_rule>8</id_cart_rule></cart_cart_rule><cart_cart_rule><id_cart>133</id_cart><id_cart_rule>9</id_cart_rule></cart_cart_rule><cart_cart_rule><id_cart>138</id_cart><id_cart_rule>10</id_cart_rule></cart_cart_rule><cart_cart_rule><id_cart>143</id_cart><id_cart_rule>12</id_cart_rule></cart_cart_rule><cart_cart_rule><id_cart>144</id_cart><id_cart_rule>13</id_cart_rule></cart_cart_rule><cart_cart_rule><id_cart>147</id_cart><id_cart_rule>14</id_cart_rule></cart_cart_rule><cart_cart_rule><id_cart>148</id_cart><id_cart_rule>15</id_cart_rule></cart_cart_rule><cart_cart_rule><id_cart>384</id_cart><id_cart_rule>28</id_cart_rule></cart_cart_rule><cart_cart_rule><id_cart>404</id_cart><id_cart_rule>30</id_cart_rule></cart_cart_rule><cart_cart_rule><id_cart>433</id_cart><id_cart_rule>32</id_cart_rule></cart_cart_rule></cart_cart_rules></xml>
