<?xml version="1.0"?>
<xml version="1.0" encoding="utf-8"><order_payments><order_payment><id_order_payment>16</id_order_payment><order_reference>JYYPXTPFS</order_reference><id_currency>1</id_currency><amount>56.60</amount><payment_method>Cash on delivery (COD)</payment_method><conversion_rate>1.000000</conversion_rate><transaction_id></transaction_id><card_number></card_number><card_brand></card_brand><card_expiration></card_expiration><card_holder></card_holder><date_add>2013-06-17 20:29:01</date_add></order_payment><order_payment><id_order_payment>17</id_order_payment><order_reference>XHGZFJFBF</order_reference><id_currency>1</id_currency><amount>104.97</amount><payment_method>Cash on delivery (COD)</payment_method><conversion_rate>1.000000</conversion_rate><transaction_id></transaction_id><card_number></card_number><card_brand></card_brand><card_expiration></card_expiration><card_holder></card_holder><date_add>2013-06-18 12:48:54</date_add></order_payment><order_payment><id_order_payment>20</id_order_payment><order_reference>GZSJSOTDD</order_reference><id_currency>1</id_currency><amount>115.27</amount><payment_method>Cash on delivery (COD)</payment_method><conversion_rate>1.000000</conversion_rate><transaction_id></transaction_id><card_number></card_number><card_brand></card_brand><card_expiration></card_expiration><card_holder></card_holder><date_add>2013-07-25 23:13:56</date_add></order_payment><order_payment><id_order_payment>23</id_order_payment><order_reference>IYQRWTLRR</order_reference><id_currency>1</id_currency><amount>40.32</amount><payment_method>Cash on delivery (COD)</payment_method><conversion_rate>1.000000</conversion_rate><transaction_id></transaction_id><card_number></card_number><card_brand></card_brand><card_expiration></card_expiration><card_holder></card_holder><date_add>2013-08-27 21:33:01</date_add></order_payment><order_payment><id_order_payment>28</id_order_payment><order_reference>BTOHHERVV</order_reference><id_currency>1</id_currency><amount>94.68</amount><payment_method>Cash on delivery (COD)</payment_method><conversion_rate>1.000000</conversion_rate><transaction_id></transaction_id><card_number></card_number><card_brand></card_brand><card_expiration></card_expiration><card_holder></card_holder><date_add>2013-10-06 23:57:17</date_add></order_payment><order_payment><id_order_payment>29</id_order_payment><order_reference>KHWJGWIEN</order_reference><id_currency>1</id_currency><amount>57.60</amount><payment_method>Cash on delivery (COD)</payment_method><conversion_rate>1.000000</conversion_rate><transaction_id></transaction_id><card_number></card_number><card_brand></card_brand><card_expiration></card_expiration><card_holder></card_holder><date_add>2013-10-10 21:28:05</date_add></order_payment><order_payment><id_order_payment>30</id_order_payment><order_reference>FNKCJRAQU</order_reference><id_currency>1</id_currency><amount>87.60</amount><payment_method>Cash on delivery (COD)</payment_method><conversion_rate>1.000000</conversion_rate><transaction_id></transaction_id><card_number></card_number><card_brand></card_brand><card_expiration></card_expiration><card_holder></card_holder><date_add>2013-10-14 22:41:44</date_add></order_payment><order_payment><id_order_payment>32</id_order_payment><order_reference>KKUKJIMCF</order_reference><id_currency>1</id_currency><amount>838.40</amount><payment_method>Cash on delivery (COD)</payment_method><conversion_rate>1.000000</conversion_rate><transaction_id></transaction_id><card_number></card_number><card_brand></card_brand><card_expiration></card_expiration><card_holder></card_holder><date_add>2013-10-24 20:50:24</date_add></order_payment><order_payment><id_order_payment>38</id_order_payment><order_reference>CCPXURLXP</order_reference><id_currency>1</id_currency><amount>111.17</amount><payment_method>Cash on delivery (COD)</payment_method><conversion_rate>1.000000</conversion_rate><transaction_id></transaction_id><card_number></card_number><card_brand></card_brand><card_expiration></card_expiration><card_holder></card_holder><date_add>2013-11-25 22:21:08</date_add></order_payment><order_payment><id_order_payment>42</id_order_payment><order_reference>ETMCMISRA</order_reference><id_currency>1</id_currency><amount>62.80</amount><payment_method>Cash on delivery (COD)</payment_method><conversion_rate>1.000000</conversion_rate><transaction_id></transaction_id><card_number></card_number><card_brand></card_brand><card_expiration></card_expiration><card_holder></card_holder><date_add>2013-12-04 20:49:18</date_add></order_payment><order_payment><id_order_payment>43</id_order_payment><order_reference>TELDAEWNJ</order_reference><id_currency>1</id_currency><amount>310.80</amount><payment_method>Cash on delivery (COD)</payment_method><conversion_rate>1.000000</conversion_rate><transaction_id></transaction_id><card_number></card_number><card_brand></card_brand><card_expiration></card_expiration><card_holder></card_holder><date_add>2013-12-04 21:07:24</date_add></order_payment><order_payment><id_order_payment>48</id_order_payment><order_reference>YHZTAKXXH</order_reference><id_currency>1</id_currency><amount>79.80</amount><payment_method>Cash on delivery (COD)</payment_method><conversion_rate>1.000000</conversion_rate><transaction_id></transaction_id><card_number></card_number><card_brand></card_brand><card_expiration></card_expiration><card_holder></card_holder><date_add>2014-01-09 22:08:24</date_add></order_payment><order_payment><id_order_payment>49</id_order_payment><order_reference>WTTNHEJKU</order_reference><id_currency>1</id_currency><amount>86.97</amount><payment_method>Cash on delivery (COD)</payment_method><conversion_rate>1.000000</conversion_rate><transaction_id></transaction_id><card_number></card_number><card_brand></card_brand><card_expiration></card_expiration><card_holder></card_holder><date_add>2014-01-14 10:55:19</date_add></order_payment><order_payment><id_order_payment>51</id_order_payment><order_reference>IVARNQQPT</order_reference><id_currency>1</id_currency><amount>55.60</amount><payment_method>Cash on delivery (COD)</payment_method><conversion_rate>1.000000</conversion_rate><transaction_id></transaction_id><card_number></card_number><card_brand></card_brand><card_expiration></card_expiration><card_holder></card_holder><date_add>2014-01-15 22:38:58</date_add></order_payment><order_payment><id_order_payment>52</id_order_payment><order_reference>LHDNTDWOP</order_reference><id_currency>1</id_currency><amount>101.40</amount><payment_method>Cash on delivery (COD)</payment_method><conversion_rate>1.000000</conversion_rate><transaction_id></transaction_id><card_number></card_number><card_brand></card_brand><card_expiration></card_expiration><card_holder></card_holder><date_add>2014-01-20 21:07:12</date_add></order_payment><order_payment><id_order_payment>53</id_order_payment><order_reference>BZCORPKGA</order_reference><id_currency>1</id_currency><amount>51.84</amount><payment_method>Cash on delivery (COD)</payment_method><conversion_rate>1.000000</conversion_rate><transaction_id></transaction_id><card_number></card_number><card_brand></card_brand><card_expiration></card_expiration><card_holder></card_holder><date_add>2014-01-24 12:05:45</date_add></order_payment><order_payment><id_order_payment>54</id_order_payment><order_reference>ELKQSDPNY</order_reference><id_currency>1</id_currency><amount>53.76</amount><payment_method>Cash on delivery (COD)</payment_method><conversion_rate>1.000000</conversion_rate><transaction_id></transaction_id><card_number></card_number><card_brand></card_brand><card_expiration></card_expiration><card_holder></card_holder><date_add>2014-02-04 08:46:56</date_add></order_payment><order_payment><id_order_payment>60</id_order_payment><order_reference>AKFNCZRYY</order_reference><id_currency>1</id_currency><amount>72.00</amount><payment_method>Cash on delivery (COD)</payment_method><conversion_rate>1.000000</conversion_rate><transaction_id></transaction_id><card_number></card_number><card_brand></card_brand><card_expiration></card_expiration><card_holder></card_holder><date_add>2014-02-20 21:27:45</date_add></order_payment><order_payment><id_order_payment>61</id_order_payment><order_reference>CMZPHMWUB</order_reference><id_currency>1</id_currency><amount>72.02</amount><payment_method>Cash on delivery (COD)</payment_method><conversion_rate>1.000000</conversion_rate><transaction_id></transaction_id><card_number></card_number><card_brand></card_brand><card_expiration></card_expiration><card_holder></card_holder><date_add>2014-02-22 22:19:59</date_add></order_payment><order_payment><id_order_payment>64</id_order_payment><order_reference>JLXYOGJIF</order_reference><id_currency>1</id_currency><amount>7.34</amount><payment_method>Cash on delivery (COD)</payment_method><conversion_rate>1.000000</conversion_rate><transaction_id></transaction_id><card_number></card_number><card_brand></card_brand><card_expiration></card_expiration><card_holder></card_holder><date_add>2014-04-03 14:44:41</date_add></order_payment><order_payment><id_order_payment>66</id_order_payment><order_reference>YCCBMWLLO</order_reference><id_currency>1</id_currency><amount>237.00</amount><payment_method>Cash on delivery (COD)</payment_method><conversion_rate>1.000000</conversion_rate><transaction_id></transaction_id><card_number></card_number><card_brand></card_brand><card_expiration></card_expiration><card_holder></card_holder><date_add>2014-04-07 21:19:19</date_add></order_payment><order_payment><id_order_payment>67</id_order_payment><order_reference>XWKKAKBAF</order_reference><id_currency>1</id_currency><amount>149.68</amount><payment_method>Cash on delivery (COD)</payment_method><conversion_rate>1.000000</conversion_rate><transaction_id></transaction_id><card_number></card_number><card_brand></card_brand><card_expiration></card_expiration><card_holder></card_holder><date_add>2014-04-09 06:36:43</date_add></order_payment><order_payment><id_order_payment>69</id_order_payment><order_reference>KZQZJJLEH</order_reference><id_currency>1</id_currency><amount>82.80</amount><payment_method>Cash on delivery (COD)</payment_method><conversion_rate>1.000000</conversion_rate><transaction_id></transaction_id><card_number></card_number><card_brand></card_brand><card_expiration></card_expiration><card_holder></card_holder><date_add>2014-04-21 20:09:26</date_add></order_payment><order_payment><id_order_payment>71</id_order_payment><order_reference>GIDLLOYDL</order_reference><id_currency>1</id_currency><amount>85.60</amount><payment_method>Cash on delivery (COD)</payment_method><conversion_rate>1.000000</conversion_rate><transaction_id></transaction_id><card_number></card_number><card_brand></card_brand><card_expiration></card_expiration><card_holder></card_holder><date_add>2014-04-28 09:29:46</date_add></order_payment><order_payment><id_order_payment>73</id_order_payment><order_reference>OWMVHOJXT</order_reference><id_currency>1</id_currency><amount>63.00</amount><payment_method>Cash on delivery (COD)</payment_method><conversion_rate>1.000000</conversion_rate><transaction_id></transaction_id><card_number></card_number><card_brand></card_brand><card_expiration></card_expiration><card_holder></card_holder><date_add>2014-05-15 20:39:11</date_add></order_payment><order_payment><id_order_payment>74</id_order_payment><order_reference>GQEZQBUIB</order_reference><id_currency>1</id_currency><amount>64.65</amount><payment_method>Cash on delivery (COD)</payment_method><conversion_rate>1.000000</conversion_rate><transaction_id></transaction_id><card_number></card_number><card_brand></card_brand><card_expiration></card_expiration><card_holder></card_holder><date_add>2014-05-17 10:49:58</date_add></order_payment><order_payment><id_order_payment>77</id_order_payment><order_reference>QAYROPEXK</order_reference><id_currency>1</id_currency><amount>63.00</amount><payment_method>Cash on delivery (COD)</payment_method><conversion_rate>1.000000</conversion_rate><transaction_id></transaction_id><card_number></card_number><card_brand></card_brand><card_expiration></card_expiration><card_holder></card_holder><date_add>2014-06-02 15:54:36</date_add></order_payment><order_payment><id_order_payment>78</id_order_payment><order_reference>JNEVHKWAO</order_reference><id_currency>1</id_currency><amount>170.01</amount><payment_method>Cash on delivery (COD)</payment_method><conversion_rate>1.000000</conversion_rate><transaction_id></transaction_id><card_number></card_number><card_brand></card_brand><card_expiration></card_expiration><card_holder></card_holder><date_add>2014-06-10 19:00:43</date_add></order_payment><order_payment><id_order_payment>80</id_order_payment><order_reference>MUZSQTOQX</order_reference><id_currency>1</id_currency><amount>148.76</amount><payment_method>Cash on delivery (COD)</payment_method><conversion_rate>1.000000</conversion_rate><transaction_id></transaction_id><card_number></card_number><card_brand></card_brand><card_expiration></card_expiration><card_holder></card_holder><date_add>2014-08-21 09:07:28</date_add></order_payment><order_payment><id_order_payment>81</id_order_payment><order_reference>RORUBGPRH</order_reference><id_currency>1</id_currency><amount>56.95</amount><payment_method>Cash on delivery (COD)</payment_method><conversion_rate>1.000000</conversion_rate><transaction_id></transaction_id><card_number></card_number><card_brand></card_brand><card_expiration></card_expiration><card_holder></card_holder><date_add>2014-08-21 14:00:47</date_add></order_payment><order_payment><id_order_payment>82</id_order_payment><order_reference>FJSLZAMQP</order_reference><id_currency>1</id_currency><amount>91.20</amount><payment_method>Cash on delivery (COD)</payment_method><conversion_rate>1.000000</conversion_rate><transaction_id></transaction_id><card_number></card_number><card_brand></card_brand><card_expiration></card_expiration><card_holder></card_holder><date_add>2014-08-26 12:48:42</date_add></order_payment><order_payment><id_order_payment>83</id_order_payment><order_reference>SIXNZIRMT</order_reference><id_currency>1</id_currency><amount>89.70</amount><payment_method>Cash on delivery (COD)</payment_method><conversion_rate>1.000000</conversion_rate><transaction_id></transaction_id><card_number></card_number><card_brand></card_brand><card_expiration></card_expiration><card_holder></card_holder><date_add>2014-08-27 19:59:45</date_add></order_payment><order_payment><id_order_payment>84</id_order_payment><order_reference>VHDFDXCHB</order_reference><id_currency>1</id_currency><amount>51.72</amount><payment_method>Cash on delivery (COD)</payment_method><conversion_rate>1.000000</conversion_rate><transaction_id></transaction_id><card_number></card_number><card_brand></card_brand><card_expiration></card_expiration><card_holder></card_holder><date_add>2014-08-27 20:04:47</date_add></order_payment><order_payment><id_order_payment>85</id_order_payment><order_reference>ZFZYPTDEN</order_reference><id_currency>1</id_currency><amount>147.00</amount><payment_method>Cash on delivery (COD)</payment_method><conversion_rate>1.000000</conversion_rate><transaction_id></transaction_id><card_number></card_number><card_brand></card_brand><card_expiration></card_expiration><card_holder></card_holder><date_add>2014-09-02 08:02:04</date_add></order_payment><order_payment><id_order_payment>86</id_order_payment><order_reference>YCVCRRWJN</order_reference><id_currency>1</id_currency><amount>91.26</amount><payment_method>Cash on delivery (COD)</payment_method><conversion_rate>1.000000</conversion_rate><transaction_id></transaction_id><card_number></card_number><card_brand></card_brand><card_expiration></card_expiration><card_holder></card_holder><date_add>2014-09-04 23:06:22</date_add></order_payment><order_payment><id_order_payment>87</id_order_payment><order_reference>BAXDDPHFR</order_reference><id_currency>1</id_currency><amount>106.00</amount><payment_method>Cash on delivery (COD)</payment_method><conversion_rate>1.000000</conversion_rate><transaction_id></transaction_id><card_number></card_number><card_brand></card_brand><card_expiration></card_expiration><card_holder></card_holder><date_add>2014-09-08 23:10:37</date_add></order_payment><order_payment><id_order_payment>88</id_order_payment><order_reference>WSNPSBXFZ</order_reference><id_currency>1</id_currency><amount>95.24</amount><payment_method>Cash on delivery (COD)</payment_method><conversion_rate>1.000000</conversion_rate><transaction_id></transaction_id><card_number></card_number><card_brand></card_brand><card_expiration></card_expiration><card_holder></card_holder><date_add>2014-09-16 16:07:23</date_add></order_payment><order_payment><id_order_payment>89</id_order_payment><order_reference>PKGYNFSUL</order_reference><id_currency>1</id_currency><amount>57.60</amount><payment_method>Cash on delivery (COD)</payment_method><conversion_rate>1.000000</conversion_rate><transaction_id></transaction_id><card_number></card_number><card_brand></card_brand><card_expiration></card_expiration><card_holder></card_holder><date_add>2014-09-19 08:01:41</date_add></order_payment><order_payment><id_order_payment>90</id_order_payment><order_reference>NRUUVLHKY</order_reference><id_currency>1</id_currency><amount>95.45</amount><payment_method>Cash on delivery (COD)</payment_method><conversion_rate>1.000000</conversion_rate><transaction_id></transaction_id><card_number></card_number><card_brand></card_brand><card_expiration></card_expiration><card_holder></card_holder><date_add>2014-09-24 15:11:04</date_add></order_payment><order_payment><id_order_payment>91</id_order_payment><order_reference>CZWEXKEYF</order_reference><id_currency>1</id_currency><amount>78.17</amount><payment_method>Cash on delivery (COD)</payment_method><conversion_rate>1.000000</conversion_rate><transaction_id></transaction_id><card_number></card_number><card_brand></card_brand><card_expiration></card_expiration><card_holder></card_holder><date_add>2014-09-25 13:50:26</date_add></order_payment></order_payments></xml>
