<?xml version="1.0"?>
<xml version="1.0" encoding="utf-8"><order_historys><order_history><id_order_history>73</id_order_history><id_employee>0</id_employee><id_order>39</id_order><id_order_state>3</id_order_state><date_add>2013-06-17 20:29:01</date_add></order_history><order_history><id_order_history>76</id_order_history><id_employee>6</id_employee><id_order>39</id_order><id_order_state>2</id_order_state><date_add>2013-06-26 09:52:07</date_add></order_history><order_history><id_order_history>682</id_order_history><id_employee>6</id_employee><id_order>39</id_order><id_order_state>13</id_order_state><date_add>2014-08-19 17:00:54</date_add></order_history><order_history><id_order_history>74</id_order_history><id_employee>0</id_employee><id_order>40</id_order><id_order_state>3</id_order_state><date_add>2013-06-18 12:48:54</date_add></order_history><order_history><id_order_history>80</id_order_history><id_employee>6</id_employee><id_order>40</id_order><id_order_state>2</id_order_state><date_add>2013-06-26 10:22:16</date_add></order_history><order_history><id_order_history>681</id_order_history><id_employee>6</id_employee><id_order>40</id_order><id_order_state>13</id_order_state><date_add>2014-08-19 17:00:36</date_add></order_history><order_history><id_order_history>90</id_order_history><id_employee>0</id_employee><id_order>46</id_order><id_order_state>10</id_order_state><date_add>2013-07-16 08:47:07</date_add></order_history><order_history><id_order_history>92</id_order_history><id_employee>6</id_employee><id_order>46</id_order><id_order_state>2</id_order_state><date_add>2013-07-19 13:17:17</date_add></order_history><order_history><id_order_history>680</id_order_history><id_employee>6</id_employee><id_order>46</id_order><id_order_state>13</id_order_state><date_add>2014-08-19 17:00:28</date_add></order_history><order_history><id_order_history>91</id_order_history><id_employee>0</id_employee><id_order>47</id_order><id_order_state>10</id_order_state><date_add>2013-07-19 11:39:39</date_add></order_history><order_history><id_order_history>123</id_order_history><id_employee>6</id_employee><id_order>47</id_order><id_order_state>2</id_order_state><date_add>2013-08-26 18:13:10</date_add></order_history><order_history><id_order_history>679</id_order_history><id_employee>6</id_employee><id_order>47</id_order><id_order_state>13</id_order_state><date_add>2014-08-19 17:00:13</date_add></order_history><order_history><id_order_history>96</id_order_history><id_employee>0</id_employee><id_order>51</id_order><id_order_state>3</id_order_state><date_add>2013-07-25 23:13:56</date_add></order_history><order_history><id_order_history>98</id_order_history><id_employee>6</id_employee><id_order>51</id_order><id_order_state>2</id_order_state><date_add>2013-08-01 09:23:32</date_add></order_history><order_history><id_order_history>678</id_order_history><id_employee>6</id_employee><id_order>51</id_order><id_order_state>13</id_order_state><date_add>2014-08-19 17:00:02</date_add></order_history><order_history><id_order_history>115</id_order_history><id_employee>0</id_employee><id_order>55</id_order><id_order_state>10</id_order_state><date_add>2013-08-19 09:17:08</date_add></order_history><order_history><id_order_history>122</id_order_history><id_employee>6</id_employee><id_order>55</id_order><id_order_state>2</id_order_state><date_add>2013-08-26 18:11:32</date_add></order_history><order_history><id_order_history>677</id_order_history><id_employee>6</id_employee><id_order>55</id_order><id_order_state>13</id_order_state><date_add>2014-08-19 16:59:52</date_add></order_history><order_history><id_order_history>125</id_order_history><id_employee>0</id_employee><id_order>58</id_order><id_order_state>10</id_order_state><date_add>2013-08-27 21:04:25</date_add></order_history><order_history><id_order_history>166</id_order_history><id_employee>6</id_employee><id_order>58</id_order><id_order_state>2</id_order_state><date_add>2013-10-17 09:52:45</date_add></order_history><order_history><id_order_history>675</id_order_history><id_employee>6</id_employee><id_order>58</id_order><id_order_state>13</id_order_state><date_add>2014-08-19 16:59:38</date_add></order_history><order_history><id_order_history>126</id_order_history><id_employee>0</id_employee><id_order>59</id_order><id_order_state>3</id_order_state><date_add>2013-08-27 21:33:01</date_add></order_history><order_history><id_order_history>132</id_order_history><id_employee>6</id_employee><id_order>59</id_order><id_order_state>2</id_order_state><date_add>2013-09-04 10:30:44</date_add></order_history><order_history><id_order_history>676</id_order_history><id_employee>6</id_employee><id_order>59</id_order><id_order_state>13</id_order_state><date_add>2014-08-19 16:59:45</date_add></order_history><order_history><id_order_history>130</id_order_history><id_employee>0</id_employee><id_order>62</id_order><id_order_state>10</id_order_state><date_add>2013-09-02 20:46:52</date_add></order_history><order_history><id_order_history>168</id_order_history><id_employee>6</id_employee><id_order>62</id_order><id_order_state>2</id_order_state><date_add>2013-10-17 09:57:03</date_add></order_history><order_history><id_order_history>674</id_order_history><id_employee>6</id_employee><id_order>62</id_order><id_order_state>13</id_order_state><date_add>2014-08-19 16:59:25</date_add></order_history><order_history><id_order_history>131</id_order_history><id_employee>0</id_employee><id_order>63</id_order><id_order_state>10</id_order_state><date_add>2013-09-02 21:17:12</date_add></order_history><order_history><id_order_history>186</id_order_history><id_employee>6</id_employee><id_order>63</id_order><id_order_state>2</id_order_state><date_add>2013-10-29 12:26:53</date_add></order_history><order_history><id_order_history>673</id_order_history><id_employee>6</id_employee><id_order>63</id_order><id_order_state>13</id_order_state><date_add>2014-08-19 16:59:16</date_add></order_history><order_history><id_order_history>140</id_order_history><id_employee>0</id_employee><id_order>67</id_order><id_order_state>10</id_order_state><date_add>2013-09-16 22:30:12</date_add></order_history><order_history><id_order_history>173</id_order_history><id_employee>6</id_employee><id_order>67</id_order><id_order_state>2</id_order_state><date_add>2013-10-17 10:03:58</date_add></order_history><order_history><id_order_history>672</id_order_history><id_employee>6</id_employee><id_order>67</id_order><id_order_state>13</id_order_state><date_add>2014-08-19 16:59:09</date_add></order_history><order_history><id_order_history>147</id_order_history><id_employee>0</id_employee><id_order>73</id_order><id_order_state>10</id_order_state><date_add>2013-09-24 07:27:30</date_add></order_history><order_history><id_order_history>170</id_order_history><id_employee>6</id_employee><id_order>73</id_order><id_order_state>2</id_order_state><date_add>2013-10-17 09:59:53</date_add></order_history><order_history><id_order_history>671</id_order_history><id_employee>6</id_employee><id_order>73</id_order><id_order_state>13</id_order_state><date_add>2014-08-19 16:59:01</date_add></order_history><order_history><id_order_history>155</id_order_history><id_employee>0</id_employee><id_order>78</id_order><id_order_state>3</id_order_state><date_add>2013-10-06 23:57:17</date_add></order_history><order_history><id_order_history>162</id_order_history><id_employee>6</id_employee><id_order>78</id_order><id_order_state>2</id_order_state><date_add>2013-10-11 10:08:17</date_add></order_history><order_history><id_order_history>670</id_order_history><id_employee>6</id_employee><id_order>78</id_order><id_order_state>13</id_order_state><date_add>2014-08-19 16:58:00</date_add></order_history><order_history><id_order_history>159</id_order_history><id_employee>0</id_employee><id_order>80</id_order><id_order_state>10</id_order_state><date_add>2013-10-08 21:59:26</date_add></order_history><order_history><id_order_history>172</id_order_history><id_employee>6</id_employee><id_order>80</id_order><id_order_state>2</id_order_state><date_add>2013-10-17 10:02:07</date_add></order_history><order_history><id_order_history>669</id_order_history><id_employee>6</id_employee><id_order>80</id_order><id_order_state>13</id_order_state><date_add>2014-08-19 16:57:53</date_add></order_history><order_history><id_order_history>160</id_order_history><id_employee>0</id_employee><id_order>81</id_order><id_order_state>10</id_order_state><date_add>2013-10-08 22:09:19</date_add></order_history><order_history><id_order_history>264</id_order_history><id_employee>6</id_employee><id_order>81</id_order><id_order_state>2</id_order_state><date_add>2013-12-12 15:45:43</date_add></order_history><order_history><id_order_history>668</id_order_history><id_employee>6</id_employee><id_order>81</id_order><id_order_state>13</id_order_state><date_add>2014-08-19 16:57:45</date_add></order_history><order_history><id_order_history>161</id_order_history><id_employee>0</id_employee><id_order>82</id_order><id_order_state>3</id_order_state><date_add>2013-10-10 21:28:05</date_add></order_history><order_history><id_order_history>164</id_order_history><id_employee>6</id_employee><id_order>82</id_order><id_order_state>2</id_order_state><date_add>2013-10-16 15:40:52</date_add></order_history><order_history><id_order_history>667</id_order_history><id_employee>6</id_employee><id_order>82</id_order><id_order_state>13</id_order_state><date_add>2014-08-19 16:57:35</date_add></order_history><order_history><id_order_history>163</id_order_history><id_employee>0</id_employee><id_order>83</id_order><id_order_state>3</id_order_state><date_add>2013-10-14 22:41:45</date_add></order_history><order_history><id_order_history>175</id_order_history><id_employee>6</id_employee><id_order>83</id_order><id_order_state>2</id_order_state><date_add>2013-10-22 10:11:08</date_add></order_history><order_history><id_order_history>666</id_order_history><id_employee>6</id_employee><id_order>83</id_order><id_order_state>13</id_order_state><date_add>2014-08-19 16:57:27</date_add></order_history><order_history><id_order_history>176</id_order_history><id_employee>0</id_employee><id_order>86</id_order><id_order_state>10</id_order_state><date_add>2013-10-22 12:59:47</date_add></order_history><order_history><id_order_history>265</id_order_history><id_employee>6</id_employee><id_order>86</id_order><id_order_state>2</id_order_state><date_add>2013-12-12 15:47:39</date_add></order_history><order_history><id_order_history>266</id_order_history><id_employee>6</id_employee><id_order>86</id_order><id_order_state>3</id_order_state><date_add>2013-12-12 15:47:41</date_add></order_history><order_history><id_order_history>267</id_order_history><id_employee>6</id_employee><id_order>86</id_order><id_order_state>2</id_order_state><date_add>2013-12-12 15:47:54</date_add></order_history><order_history><id_order_history>665</id_order_history><id_employee>6</id_employee><id_order>86</id_order><id_order_state>13</id_order_state><date_add>2014-08-19 16:57:18</date_add></order_history><order_history><id_order_history>180</id_order_history><id_employee>0</id_employee><id_order>89</id_order><id_order_state>3</id_order_state><date_add>2013-10-24 20:50:24</date_add></order_history><order_history><id_order_history>191</id_order_history><id_employee>6</id_employee><id_order>89</id_order><id_order_state>2</id_order_state><date_add>2013-10-30 10:01:41</date_add></order_history><order_history><id_order_history>664</id_order_history><id_employee>6</id_employee><id_order>89</id_order><id_order_state>13</id_order_state><date_add>2014-08-19 16:57:10</date_add></order_history><order_history><id_order_history>192</id_order_history><id_employee>0</id_employee><id_order>95</id_order><id_order_state>10</id_order_state><date_add>2013-11-03 19:33:17</date_add></order_history><order_history><id_order_history>211</id_order_history><id_employee>6</id_employee><id_order>95</id_order><id_order_state>2</id_order_state><date_add>2013-11-19 10:33:42</date_add></order_history><order_history><id_order_history>663</id_order_history><id_employee>6</id_employee><id_order>95</id_order><id_order_state>13</id_order_state><date_add>2014-08-19 16:57:01</date_add></order_history><order_history><id_order_history>194</id_order_history><id_employee>0</id_employee><id_order>97</id_order><id_order_state>10</id_order_state><date_add>2013-11-05 10:35:54</date_add></order_history><order_history><id_order_history>268</id_order_history><id_employee>6</id_employee><id_order>97</id_order><id_order_state>2</id_order_state><date_add>2013-12-12 15:49:11</date_add></order_history><order_history><id_order_history>662</id_order_history><id_employee>6</id_employee><id_order>97</id_order><id_order_state>13</id_order_state><date_add>2014-08-19 16:56:51</date_add></order_history><order_history><id_order_history>201</id_order_history><id_employee>0</id_employee><id_order>102</id_order><id_order_state>10</id_order_state><date_add>2013-11-10 21:28:00</date_add></order_history><order_history><id_order_history>214</id_order_history><id_employee>6</id_employee><id_order>102</id_order><id_order_state>2</id_order_state><date_add>2013-11-20 10:12:49</date_add></order_history><order_history><id_order_history>661</id_order_history><id_employee>6</id_employee><id_order>102</id_order><id_order_state>13</id_order_state><date_add>2014-08-19 16:56:42</date_add></order_history><order_history><id_order_history>207</id_order_history><id_employee>0</id_employee><id_order>108</id_order><id_order_state>10</id_order_state><date_add>2013-11-17 20:42:51</date_add></order_history><order_history><id_order_history>273</id_order_history><id_employee>6</id_employee><id_order>108</id_order><id_order_state>2</id_order_state><date_add>2013-12-13 09:45:44</date_add></order_history><order_history><id_order_history>660</id_order_history><id_employee>6</id_employee><id_order>108</id_order><id_order_state>13</id_order_state><date_add>2014-08-19 16:56:32</date_add></order_history><order_history><id_order_history>219</id_order_history><id_employee>0</id_employee><id_order>110</id_order><id_order_state>10</id_order_state><date_add>2013-11-21 09:07:56</date_add></order_history><order_history><id_order_history>269</id_order_history><id_employee>6</id_employee><id_order>110</id_order><id_order_state>2</id_order_state><date_add>2013-12-12 15:50:51</date_add></order_history><order_history><id_order_history>659</id_order_history><id_employee>6</id_employee><id_order>110</id_order><id_order_state>13</id_order_state><date_add>2014-08-19 16:56:24</date_add></order_history><order_history><id_order_history>220</id_order_history><id_employee>0</id_employee><id_order>111</id_order><id_order_state>10</id_order_state><date_add>2013-11-21 22:04:12</date_add></order_history><order_history><id_order_history>270</id_order_history><id_employee>6</id_employee><id_order>111</id_order><id_order_state>2</id_order_state><date_add>2013-12-12 15:51:42</date_add></order_history><order_history><id_order_history>658</id_order_history><id_employee>6</id_employee><id_order>111</id_order><id_order_state>13</id_order_state><date_add>2014-08-19 16:55:26</date_add></order_history><order_history><id_order_history>227</id_order_history><id_employee>0</id_employee><id_order>114</id_order><id_order_state>3</id_order_state><date_add>2013-11-25 22:21:08</date_add></order_history><order_history><id_order_history>234</id_order_history><id_employee>6</id_employee><id_order>114</id_order><id_order_state>2</id_order_state><date_add>2013-12-02 10:52:48</date_add></order_history><order_history><id_order_history>657</id_order_history><id_employee>6</id_employee><id_order>114</id_order><id_order_state>13</id_order_state><date_add>2014-08-19 16:55:16</date_add></order_history><order_history><id_order_history>239</id_order_history><id_employee>0</id_employee><id_order>125</id_order><id_order_state>10</id_order_state><date_add>2013-12-03 23:00:45</date_add></order_history><order_history><id_order_history>258</id_order_history><id_employee>6</id_employee><id_order>125</id_order><id_order_state>2</id_order_state><date_add>2013-12-10 11:30:34</date_add></order_history><order_history><id_order_history>656</id_order_history><id_employee>6</id_employee><id_order>125</id_order><id_order_state>13</id_order_state><date_add>2014-08-19 16:55:06</date_add></order_history><order_history><id_order_history>245</id_order_history><id_employee>0</id_employee><id_order>127</id_order><id_order_state>3</id_order_state><date_add>2013-12-04 20:49:18</date_add></order_history><order_history><id_order_history>255</id_order_history><id_employee>6</id_employee><id_order>127</id_order><id_order_state>2</id_order_state><date_add>2013-12-10 10:50:45</date_add></order_history><order_history><id_order_history>655</id_order_history><id_employee>6</id_employee><id_order>127</id_order><id_order_state>13</id_order_state><date_add>2014-08-19 16:54:54</date_add></order_history><order_history><id_order_history>246</id_order_history><id_employee>0</id_employee><id_order>128</id_order><id_order_state>3</id_order_state><date_add>2013-12-04 21:07:24</date_add></order_history><order_history><id_order_history>254</id_order_history><id_employee>6</id_employee><id_order>128</id_order><id_order_state>2</id_order_state><date_add>2013-12-10 10:49:40</date_add></order_history><order_history><id_order_history>654</id_order_history><id_employee>6</id_employee><id_order>128</id_order><id_order_state>13</id_order_state><date_add>2014-08-19 16:54:45</date_add></order_history><order_history><id_order_history>248</id_order_history><id_employee>0</id_employee><id_order>129</id_order><id_order_state>10</id_order_state><date_add>2013-12-05 11:00:10</date_add></order_history><order_history><id_order_history>320</id_order_history><id_employee>6</id_employee><id_order>129</id_order><id_order_state>2</id_order_state><date_add>2013-12-18 21:47:19</date_add></order_history><order_history><id_order_history>653</id_order_history><id_employee>6</id_employee><id_order>129</id_order><id_order_state>13</id_order_state><date_add>2014-08-19 16:54:36</date_add></order_history><order_history><id_order_history>275</id_order_history><id_employee>0</id_employee><id_order>138</id_order><id_order_state>10</id_order_state><date_add>2013-12-15 23:11:37</date_add></order_history><order_history><id_order_history>405</id_order_history><id_employee>6</id_employee><id_order>138</id_order><id_order_state>2</id_order_state><date_add>2014-03-12 08:41:44</date_add></order_history><order_history><id_order_history>652</id_order_history><id_employee>6</id_employee><id_order>138</id_order><id_order_state>13</id_order_state><date_add>2014-08-19 16:54:28</date_add></order_history><order_history><id_order_history>324</id_order_history><id_employee>0</id_employee><id_order>140</id_order><id_order_state>10</id_order_state><date_add>2013-12-19 21:23:33</date_add></order_history><order_history><id_order_history>340</id_order_history><id_employee>6</id_employee><id_order>140</id_order><id_order_state>2</id_order_state><date_add>2014-01-20 11:41:10</date_add></order_history><order_history><id_order_history>651</id_order_history><id_employee>6</id_employee><id_order>140</id_order><id_order_state>13</id_order_state><date_add>2014-08-19 16:54:21</date_add></order_history><order_history><id_order_history>330</id_order_history><id_employee>0</id_employee><id_order>145</id_order><id_order_state>3</id_order_state><date_add>2014-01-09 22:08:25</date_add></order_history><order_history><id_order_history>337</id_order_history><id_employee>6</id_employee><id_order>145</id_order><id_order_state>2</id_order_state><date_add>2014-01-16 09:25:48</date_add></order_history><order_history><id_order_history>650</id_order_history><id_employee>6</id_employee><id_order>145</id_order><id_order_state>13</id_order_state><date_add>2014-08-19 16:53:33</date_add></order_history><order_history><id_order_history>332</id_order_history><id_employee>0</id_employee><id_order>147</id_order><id_order_state>10</id_order_state><date_add>2014-01-14 10:41:56</date_add></order_history><order_history><id_order_history>376</id_order_history><id_employee>6</id_employee><id_order>147</id_order><id_order_state>2</id_order_state><date_add>2014-02-11 11:52:59</date_add></order_history><order_history><id_order_history>649</id_order_history><id_employee>6</id_employee><id_order>147</id_order><id_order_state>13</id_order_state><date_add>2014-08-19 16:53:25</date_add></order_history><order_history><id_order_history>333</id_order_history><id_employee>0</id_employee><id_order>148</id_order><id_order_state>3</id_order_state><date_add>2014-01-14 10:55:19</date_add></order_history><order_history><id_order_history>407</id_order_history><id_employee>6</id_employee><id_order>148</id_order><id_order_state>2</id_order_state><date_add>2014-03-12 08:43:57</date_add></order_history><order_history><id_order_history>648</id_order_history><id_employee>6</id_employee><id_order>148</id_order><id_order_state>13</id_order_state><date_add>2014-08-19 16:53:19</date_add></order_history><order_history><id_order_history>336</id_order_history><id_employee>0</id_employee><id_order>151</id_order><id_order_state>3</id_order_state><date_add>2014-01-15 22:38:58</date_add></order_history><order_history><id_order_history>408</id_order_history><id_employee>6</id_employee><id_order>151</id_order><id_order_state>2</id_order_state><date_add>2014-03-12 08:45:26</date_add></order_history><order_history><id_order_history>647</id_order_history><id_employee>6</id_employee><id_order>151</id_order><id_order_state>13</id_order_state><date_add>2014-08-19 16:53:11</date_add></order_history><order_history><id_order_history>341</id_order_history><id_employee>0</id_employee><id_order>153</id_order><id_order_state>3</id_order_state><date_add>2014-01-20 21:07:13</date_add></order_history><order_history><id_order_history>350</id_order_history><id_employee>6</id_employee><id_order>153</id_order><id_order_state>2</id_order_state><date_add>2014-01-27 11:31:30</date_add></order_history><order_history><id_order_history>646</id_order_history><id_employee>6</id_employee><id_order>153</id_order><id_order_state>13</id_order_state><date_add>2014-08-19 16:53:04</date_add></order_history><order_history><id_order_history>345</id_order_history><id_employee>0</id_employee><id_order>156</id_order><id_order_state>10</id_order_state><date_add>2014-01-23 10:31:36</date_add></order_history><order_history><id_order_history>373</id_order_history><id_employee>6</id_employee><id_order>156</id_order><id_order_state>2</id_order_state><date_add>2014-02-10 12:16:02</date_add></order_history><order_history><id_order_history>645</id_order_history><id_employee>6</id_employee><id_order>156</id_order><id_order_state>13</id_order_state><date_add>2014-08-19 16:52:58</date_add></order_history><order_history><id_order_history>346</id_order_history><id_employee>0</id_employee><id_order>157</id_order><id_order_state>3</id_order_state><date_add>2014-01-24 12:05:47</date_add></order_history><order_history><id_order_history>409</id_order_history><id_employee>6</id_employee><id_order>157</id_order><id_order_state>2</id_order_state><date_add>2014-03-12 08:48:29</date_add></order_history><order_history><id_order_history>644</id_order_history><id_employee>6</id_employee><id_order>157</id_order><id_order_state>13</id_order_state><date_add>2014-08-19 16:51:49</date_add></order_history><order_history><id_order_history>348</id_order_history><id_employee>0</id_employee><id_order>159</id_order><id_order_state>10</id_order_state><date_add>2014-01-27 10:13:16</date_add></order_history><order_history><id_order_history>406</id_order_history><id_employee>6</id_employee><id_order>159</id_order><id_order_state>2</id_order_state><date_add>2014-03-12 08:42:19</date_add></order_history><order_history><id_order_history>643</id_order_history><id_employee>6</id_employee><id_order>159</id_order><id_order_state>13</id_order_state><date_add>2014-08-19 16:51:37</date_add></order_history><order_history><id_order_history>351</id_order_history><id_employee>0</id_employee><id_order>160</id_order><id_order_state>10</id_order_state><date_add>2014-01-27 11:40:14</date_add></order_history><order_history><id_order_history>372</id_order_history><id_employee>6</id_employee><id_order>160</id_order><id_order_state>2</id_order_state><date_add>2014-02-10 12:15:46</date_add></order_history><order_history><id_order_history>642</id_order_history><id_employee>6</id_employee><id_order>160</id_order><id_order_state>13</id_order_state><date_add>2014-08-19 16:51:27</date_add></order_history><order_history><id_order_history>356</id_order_history><id_employee>0</id_employee><id_order>165</id_order><id_order_state>3</id_order_state><date_add>2014-02-04 08:46:57</date_add></order_history><order_history><id_order_history>378</id_order_history><id_employee>6</id_employee><id_order>165</id_order><id_order_state>2</id_order_state><date_add>2014-02-11 12:03:38</date_add></order_history><order_history><id_order_history>639</id_order_history><id_employee>6</id_employee><id_order>165</id_order><id_order_state>13</id_order_state><date_add>2014-08-19 16:51:09</date_add></order_history><order_history><id_order_history>640</id_order_history><id_employee>6</id_employee><id_order>165</id_order><id_order_state>3</id_order_state><date_add>2014-08-19 16:51:10</date_add></order_history><order_history><id_order_history>641</id_order_history><id_employee>6</id_employee><id_order>165</id_order><id_order_state>13</id_order_state><date_add>2014-08-19 16:51:19</date_add></order_history><order_history><id_order_history>375</id_order_history><id_employee>0</id_employee><id_order>175</id_order><id_order_state>10</id_order_state><date_add>2014-02-11 10:47:14</date_add></order_history><order_history><id_order_history>439</id_order_history><id_employee>6</id_employee><id_order>175</id_order><id_order_state>2</id_order_state><date_add>2014-04-03 11:38:09</date_add></order_history><order_history><id_order_history>638</id_order_history><id_employee>6</id_employee><id_order>175</id_order><id_order_state>13</id_order_state><date_add>2014-08-19 16:51:00</date_add></order_history><order_history><id_order_history>383</id_order_history><id_employee>0</id_employee><id_order>180</id_order><id_order_state>3</id_order_state><date_add>2014-02-20 21:27:45</date_add></order_history><order_history><id_order_history>428</id_order_history><id_employee>6</id_employee><id_order>180</id_order><id_order_state>2</id_order_state><date_add>2014-03-31 09:34:21</date_add></order_history><order_history><id_order_history>637</id_order_history><id_employee>6</id_employee><id_order>180</id_order><id_order_state>13</id_order_state><date_add>2014-08-19 16:50:54</date_add></order_history><order_history><id_order_history>388</id_order_history><id_employee>0</id_employee><id_order>182</id_order><id_order_state>3</id_order_state><date_add>2014-02-22 22:19:59</date_add></order_history><order_history><id_order_history>429</id_order_history><id_employee>6</id_employee><id_order>182</id_order><id_order_state>2</id_order_state><date_add>2014-03-31 09:34:57</date_add></order_history><order_history><id_order_history>636</id_order_history><id_employee>6</id_employee><id_order>182</id_order><id_order_state>13</id_order_state><date_add>2014-08-19 16:50:47</date_add></order_history><order_history><id_order_history>403</id_order_history><id_employee>0</id_employee><id_order>191</id_order><id_order_state>10</id_order_state><date_add>2014-03-11 00:16:19</date_add></order_history><order_history><id_order_history>617</id_order_history><id_employee>6</id_employee><id_order>191</id_order><id_order_state>2</id_order_state><date_add>2014-07-28 10:54:09</date_add></order_history><order_history><id_order_history>635</id_order_history><id_employee>6</id_employee><id_order>191</id_order><id_order_state>13</id_order_state><date_add>2014-08-19 16:50:38</date_add></order_history><order_history><id_order_history>404</id_order_history><id_employee>0</id_employee><id_order>192</id_order><id_order_state>10</id_order_state><date_add>2014-03-11 11:44:01</date_add></order_history><order_history><id_order_history>508</id_order_history><id_employee>6</id_employee><id_order>192</id_order><id_order_state>2</id_order_state><date_add>2014-06-03 21:25:52</date_add></order_history><order_history><id_order_history>634</id_order_history><id_employee>6</id_employee><id_order>192</id_order><id_order_state>13</id_order_state><date_add>2014-08-19 16:50:30</date_add></order_history><order_history><id_order_history>437</id_order_history><id_employee>0</id_employee><id_order>205</id_order><id_order_state>10</id_order_state><date_add>2014-04-02 09:41:25</date_add></order_history><order_history><id_order_history>464</id_order_history><id_employee>6</id_employee><id_order>205</id_order><id_order_state>2</id_order_state><date_add>2014-04-29 15:13:56</date_add></order_history><order_history><id_order_history>465</id_order_history><id_employee>6</id_employee><id_order>205</id_order><id_order_state>3</id_order_state><date_add>2014-04-29 15:13:57</date_add></order_history><order_history><id_order_history>466</id_order_history><id_employee>6</id_employee><id_order>205</id_order><id_order_state>2</id_order_state><date_add>2014-04-29 15:14:26</date_add></order_history><order_history><id_order_history>633</id_order_history><id_employee>6</id_employee><id_order>205</id_order><id_order_state>13</id_order_state><date_add>2014-08-19 16:50:22</date_add></order_history><order_history><id_order_history>440</id_order_history><id_employee>0</id_employee><id_order>206</id_order><id_order_state>3</id_order_state><date_add>2014-04-03 14:44:42</date_add></order_history><order_history><id_order_history>699</id_order_history><id_employee>6</id_employee><id_order>206</id_order><id_order_state>13</id_order_state><date_add>2014-08-27 22:08:59</date_add></order_history><order_history><id_order_history>443</id_order_history><id_employee>0</id_employee><id_order>208</id_order><id_order_state>3</id_order_state><date_add>2014-04-07 21:19:23</date_add></order_history><order_history><id_order_history>468</id_order_history><id_employee>6</id_employee><id_order>208</id_order><id_order_state>2</id_order_state><date_add>2014-04-29 15:15:22</date_add></order_history><order_history><id_order_history>698</id_order_history><id_employee>6</id_employee><id_order>208</id_order><id_order_state>13</id_order_state><date_add>2014-08-27 22:07:56</date_add></order_history><order_history><id_order_history>444</id_order_history><id_employee>0</id_employee><id_order>209</id_order><id_order_state>3</id_order_state><date_add>2014-04-09 06:36:44</date_add></order_history><order_history><id_order_history>551</id_order_history><id_employee>6</id_employee><id_order>209</id_order><id_order_state>2</id_order_state><date_add>2014-07-23 14:04:02</date_add></order_history><order_history><id_order_history>632</id_order_history><id_employee>6</id_employee><id_order>209</id_order><id_order_state>13</id_order_state><date_add>2014-08-19 16:50:12</date_add></order_history><order_history><id_order_history>450</id_order_history><id_employee>0</id_employee><id_order>213</id_order><id_order_state>3</id_order_state><date_add>2014-04-21 20:09:26</date_add></order_history><order_history><id_order_history>456</id_order_history><id_employee>6</id_employee><id_order>213</id_order><id_order_state>2</id_order_state><date_add>2014-04-29 15:06:06</date_add></order_history><order_history><id_order_history>697</id_order_history><id_employee>6</id_employee><id_order>213</id_order><id_order_state>13</id_order_state><date_add>2014-08-27 22:07:48</date_add></order_history><order_history><id_order_history>451</id_order_history><id_employee>0</id_employee><id_order>214</id_order><id_order_state>10</id_order_state><date_add>2014-04-21 20:59:15</date_add></order_history><order_history><id_order_history>509</id_order_history><id_employee>6</id_employee><id_order>214</id_order><id_order_state>2</id_order_state><date_add>2014-06-03 21:27:44</date_add></order_history><order_history><id_order_history>696</id_order_history><id_employee>6</id_employee><id_order>214</id_order><id_order_state>13</id_order_state><date_add>2014-08-27 22:07:40</date_add></order_history><order_history><id_order_history>454</id_order_history><id_employee>0</id_employee><id_order>217</id_order><id_order_state>3</id_order_state><date_add>2014-04-28 09:29:46</date_add></order_history><order_history><id_order_history>475</id_order_history><id_employee>6</id_employee><id_order>217</id_order><id_order_state>2</id_order_state><date_add>2014-05-05 10:21:33</date_add></order_history><order_history><id_order_history>631</id_order_history><id_employee>6</id_employee><id_order>217</id_order><id_order_state>13</id_order_state><date_add>2014-08-19 16:50:03</date_add></order_history><order_history><id_order_history>486</id_order_history><id_employee>0</id_employee><id_order>225</id_order><id_order_state>3</id_order_state><date_add>2014-05-15 20:39:11</date_add></order_history><order_history><id_order_history>544</id_order_history><id_employee>6</id_employee><id_order>225</id_order><id_order_state>2</id_order_state><date_add>2014-06-27 11:48:59</date_add></order_history><order_history><id_order_history>695</id_order_history><id_employee>6</id_employee><id_order>225</id_order><id_order_state>13</id_order_state><date_add>2014-08-27 22:07:28</date_add></order_history><order_history><id_order_history>487</id_order_history><id_employee>0</id_employee><id_order>226</id_order><id_order_state>3</id_order_state><date_add>2014-05-17 10:49:59</date_add></order_history><order_history><id_order_history>512</id_order_history><id_employee>6</id_employee><id_order>226</id_order><id_order_state>2</id_order_state><date_add>2014-06-03 21:30:57</date_add></order_history><order_history><id_order_history>630</id_order_history><id_employee>6</id_employee><id_order>226</id_order><id_order_state>13</id_order_state><date_add>2014-08-19 16:49:54</date_add></order_history><order_history><id_order_history>489</id_order_history><id_employee>0</id_employee><id_order>228</id_order><id_order_state>10</id_order_state><date_add>2014-05-19 15:30:58</date_add></order_history><order_history><id_order_history>549</id_order_history><id_employee>6</id_employee><id_order>228</id_order><id_order_state>2</id_order_state><date_add>2014-07-17 09:09:27</date_add></order_history><order_history><id_order_history>710</id_order_history><id_employee>6</id_employee><id_order>228</id_order><id_order_state>13</id_order_state><date_add>2014-09-05 20:11:55</date_add></order_history><order_history><id_order_history>491</id_order_history><id_employee>0</id_employee><id_order>230</id_order><id_order_state>10</id_order_state><date_add>2014-05-20 06:28:32</date_add></order_history><order_history><id_order_history>514</id_order_history><id_employee>6</id_employee><id_order>230</id_order><id_order_state>2</id_order_state><date_add>2014-06-03 21:32:46</date_add></order_history><order_history><id_order_history>629</id_order_history><id_employee>6</id_employee><id_order>230</id_order><id_order_state>13</id_order_state><date_add>2014-08-19 16:49:46</date_add></order_history><order_history><id_order_history>497</id_order_history><id_employee>0</id_employee><id_order>236</id_order><id_order_state>10</id_order_state><date_add>2014-05-28 15:44:25</date_add></order_history><order_history><id_order_history>623</id_order_history><id_employee>6</id_employee><id_order>236</id_order><id_order_state>2</id_order_state><date_add>2014-08-11 09:34:16</date_add></order_history><order_history><id_order_history>499</id_order_history><id_employee>0</id_employee><id_order>238</id_order><id_order_state>10</id_order_state><date_add>2014-05-30 16:32:14</date_add></order_history><order_history><id_order_history>624</id_order_history><id_employee>6</id_employee><id_order>238</id_order><id_order_state>2</id_order_state><date_add>2014-08-11 09:35:41</date_add></order_history><order_history><id_order_history>501</id_order_history><id_employee>0</id_employee><id_order>240</id_order><id_order_state>3</id_order_state><date_add>2014-06-02 15:54:37</date_add></order_history><order_history><id_order_history>533</id_order_history><id_employee>6</id_employee><id_order>240</id_order><id_order_state>2</id_order_state><date_add>2014-06-11 15:17:50</date_add></order_history><order_history><id_order_history>694</id_order_history><id_employee>6</id_employee><id_order>240</id_order><id_order_state>13</id_order_state><date_add>2014-08-27 22:07:20</date_add></order_history><order_history><id_order_history>532</id_order_history><id_employee>0</id_employee><id_order>243</id_order><id_order_state>3</id_order_state><date_add>2014-06-10 19:00:44</date_add></order_history><order_history><id_order_history>711</id_order_history><id_employee>6</id_employee><id_order>243</id_order><id_order_state>13</id_order_state><date_add>2014-09-05 20:12:07</date_add></order_history><order_history><id_order_history>546</id_order_history><id_employee>0</id_employee><id_order>250</id_order><id_order_state>10</id_order_state><date_add>2014-07-06 22:43:57</date_add></order_history><order_history><id_order_history>550</id_order_history><id_employee>6</id_employee><id_order>250</id_order><id_order_state>2</id_order_state><date_add>2014-07-17 13:20:49</date_add></order_history><order_history><id_order_history>628</id_order_history><id_employee>6</id_employee><id_order>250</id_order><id_order_state>13</id_order_state><date_add>2014-08-19 16:49:18</date_add></order_history><order_history><id_order_history>548</id_order_history><id_employee>0</id_employee><id_order>252</id_order><id_order_state>10</id_order_state><date_add>2014-07-14 09:20:19</date_add></order_history><order_history><id_order_history>621</id_order_history><id_employee>6</id_employee><id_order>252</id_order><id_order_state>2</id_order_state><date_add>2014-08-04 14:37:08</date_add></order_history><order_history><id_order_history>627</id_order_history><id_employee>6</id_employee><id_order>252</id_order><id_order_state>13</id_order_state><date_add>2014-08-19 16:49:10</date_add></order_history><order_history><id_order_history>620</id_order_history><id_employee>0</id_employee><id_order>254</id_order><id_order_state>10</id_order_state><date_add>2014-07-30 08:49:05</date_add></order_history><order_history><id_order_history>626</id_order_history><id_employee>6</id_employee><id_order>254</id_order><id_order_state>13</id_order_state><date_add>2014-08-19 16:48:59</date_add></order_history><order_history><id_order_history>622</id_order_history><id_employee>0</id_employee><id_order>255</id_order><id_order_state>10</id_order_state><date_add>2014-08-04 15:59:19</date_add></order_history><order_history><id_order_history>625</id_order_history><id_employee>0</id_employee><id_order>256</id_order><id_order_state>10</id_order_state><date_add>2014-08-15 11:00:59</date_add></order_history><order_history><id_order_history>683</id_order_history><id_employee>0</id_employee><id_order>257</id_order><id_order_state>10</id_order_state><date_add>2014-08-20 16:27:26</date_add></order_history><order_history><id_order_history>726</id_order_history><id_employee>6</id_employee><id_order>257</id_order><id_order_state>2</id_order_state><date_add>2014-09-22 11:41:51</date_add></order_history><order_history><id_order_history>684</id_order_history><id_employee>0</id_employee><id_order>258</id_order><id_order_state>3</id_order_state><date_add>2014-08-21 09:07:28</date_add></order_history><order_history><id_order_history>685</id_order_history><id_employee>0</id_employee><id_order>259</id_order><id_order_state>3</id_order_state><date_add>2014-08-21 14:00:48</date_add></order_history><order_history><id_order_history>727</id_order_history><id_employee>6</id_employee><id_order>259</id_order><id_order_state>2</id_order_state><date_add>2014-09-22 11:42:04</date_add></order_history><order_history><id_order_history>686</id_order_history><id_employee>0</id_employee><id_order>260</id_order><id_order_state>9</id_order_state><date_add>2014-08-26 12:48:42</date_add></order_history><order_history><id_order_history>687</id_order_history><id_employee>0</id_employee><id_order>260</id_order><id_order_state>3</id_order_state><date_add>2014-08-26 12:48:43</date_add></order_history><order_history><id_order_history>722</id_order_history><id_employee>6</id_employee><id_order>260</id_order><id_order_state>2</id_order_state><date_add>2014-09-22 10:57:17</date_add></order_history><order_history><id_order_history>688</id_order_history><id_employee>0</id_employee><id_order>261</id_order><id_order_state>9</id_order_state><date_add>2014-08-27 19:59:46</date_add></order_history><order_history><id_order_history>689</id_order_history><id_employee>0</id_employee><id_order>261</id_order><id_order_state>3</id_order_state><date_add>2014-08-27 19:59:46</date_add></order_history><order_history><id_order_history>724</id_order_history><id_employee>6</id_employee><id_order>261</id_order><id_order_state>2</id_order_state><date_add>2014-09-22 11:30:33</date_add></order_history><order_history><id_order_history>690</id_order_history><id_employee>0</id_employee><id_order>262</id_order><id_order_state>9</id_order_state><date_add>2014-08-27 20:04:47</date_add></order_history><order_history><id_order_history>691</id_order_history><id_employee>0</id_employee><id_order>262</id_order><id_order_state>3</id_order_state><date_add>2014-08-27 20:04:47</date_add></order_history><order_history><id_order_history>725</id_order_history><id_employee>6</id_employee><id_order>262</id_order><id_order_state>2</id_order_state><date_add>2014-09-22 11:37:00</date_add></order_history><order_history><id_order_history>692</id_order_history><id_employee>0</id_employee><id_order>263</id_order><id_order_state>9</id_order_state><date_add>2014-08-27 20:09:06</date_add></order_history><order_history><id_order_history>693</id_order_history><id_employee>0</id_employee><id_order>263</id_order><id_order_state>10</id_order_state><date_add>2014-08-27 20:09:06</date_add></order_history><order_history><id_order_history>700</id_order_history><id_employee>0</id_employee><id_order>264</id_order><id_order_state>9</id_order_state><date_add>2014-09-02 08:02:08</date_add></order_history><order_history><id_order_history>701</id_order_history><id_employee>0</id_employee><id_order>264</id_order><id_order_state>3</id_order_state><date_add>2014-09-02 08:02:09</date_add></order_history><order_history><id_order_history>723</id_order_history><id_employee>6</id_employee><id_order>264</id_order><id_order_state>2</id_order_state><date_add>2014-09-22 11:29:23</date_add></order_history><order_history><id_order_history>702</id_order_history><id_employee>0</id_employee><id_order>265</id_order><id_order_state>9</id_order_state><date_add>2014-09-02 22:12:42</date_add></order_history><order_history><id_order_history>703</id_order_history><id_employee>0</id_employee><id_order>265</id_order><id_order_state>10</id_order_state><date_add>2014-09-02 22:12:42</date_add></order_history><order_history><id_order_history>704</id_order_history><id_employee>0</id_employee><id_order>266</id_order><id_order_state>9</id_order_state><date_add>2014-09-04 19:42:15</date_add></order_history><order_history><id_order_history>705</id_order_history><id_employee>0</id_employee><id_order>266</id_order><id_order_state>10</id_order_state><date_add>2014-09-04 19:42:15</date_add></order_history><order_history><id_order_history>706</id_order_history><id_employee>0</id_employee><id_order>267</id_order><id_order_state>9</id_order_state><date_add>2014-09-04 23:06:22</date_add></order_history><order_history><id_order_history>707</id_order_history><id_employee>0</id_employee><id_order>267</id_order><id_order_state>3</id_order_state><date_add>2014-09-04 23:06:22</date_add></order_history><order_history><id_order_history>721</id_order_history><id_employee>6</id_employee><id_order>267</id_order><id_order_state>2</id_order_state><date_add>2014-09-22 10:57:03</date_add></order_history><order_history><id_order_history>708</id_order_history><id_employee>0</id_employee><id_order>268</id_order><id_order_state>9</id_order_state><date_add>2014-09-05 12:53:31</date_add></order_history><order_history><id_order_history>709</id_order_history><id_employee>0</id_employee><id_order>268</id_order><id_order_state>10</id_order_state><date_add>2014-09-05 12:53:31</date_add></order_history><order_history><id_order_history>712</id_order_history><id_employee>0</id_employee><id_order>269</id_order><id_order_state>9</id_order_state><date_add>2014-09-08 23:10:38</date_add></order_history><order_history><id_order_history>713</id_order_history><id_employee>0</id_employee><id_order>269</id_order><id_order_state>3</id_order_state><date_add>2014-09-08 23:10:38</date_add></order_history><order_history><id_order_history>720</id_order_history><id_employee>6</id_employee><id_order>269</id_order><id_order_state>2</id_order_state><date_add>2014-09-22 10:55:32</date_add></order_history><order_history><id_order_history>714</id_order_history><id_employee>0</id_employee><id_order>270</id_order><id_order_state>9</id_order_state><date_add>2014-09-16 16:07:23</date_add></order_history><order_history><id_order_history>715</id_order_history><id_employee>0</id_employee><id_order>270</id_order><id_order_state>3</id_order_state><date_add>2014-09-16 16:07:23</date_add></order_history><order_history><id_order_history>736</id_order_history><id_employee>6</id_employee><id_order>270</id_order><id_order_state>2</id_order_state><date_add>2014-09-26 08:36:31</date_add></order_history><order_history><id_order_history>716</id_order_history><id_employee>0</id_employee><id_order>271</id_order><id_order_state>9</id_order_state><date_add>2014-09-16 16:12:57</date_add></order_history><order_history><id_order_history>717</id_order_history><id_employee>0</id_employee><id_order>271</id_order><id_order_state>10</id_order_state><date_add>2014-09-16 16:12:57</date_add></order_history><order_history><id_order_history>718</id_order_history><id_employee>0</id_employee><id_order>272</id_order><id_order_state>9</id_order_state><date_add>2014-09-19 08:01:42</date_add></order_history><order_history><id_order_history>719</id_order_history><id_employee>0</id_employee><id_order>272</id_order><id_order_state>3</id_order_state><date_add>2014-09-19 08:01:42</date_add></order_history><order_history><id_order_history>737</id_order_history><id_employee>6</id_employee><id_order>272</id_order><id_order_state>2</id_order_state><date_add>2014-09-26 08:37:24</date_add></order_history><order_history><id_order_history>728</id_order_history><id_employee>0</id_employee><id_order>273</id_order><id_order_state>9</id_order_state><date_add>2014-09-22 16:23:25</date_add></order_history><order_history><id_order_history>729</id_order_history><id_employee>0</id_employee><id_order>273</id_order><id_order_state>10</id_order_state><date_add>2014-09-22 16:23:25</date_add></order_history><order_history><id_order_history>730</id_order_history><id_employee>0</id_employee><id_order>274</id_order><id_order_state>9</id_order_state><date_add>2014-09-24 15:04:45</date_add></order_history><order_history><id_order_history>731</id_order_history><id_employee>0</id_employee><id_order>274</id_order><id_order_state>10</id_order_state><date_add>2014-09-24 15:04:45</date_add></order_history><order_history><id_order_history>732</id_order_history><id_employee>0</id_employee><id_order>275</id_order><id_order_state>9</id_order_state><date_add>2014-09-24 15:11:04</date_add></order_history><order_history><id_order_history>733</id_order_history><id_employee>0</id_employee><id_order>275</id_order><id_order_state>3</id_order_state><date_add>2014-09-24 15:11:04</date_add></order_history><order_history><id_order_history>734</id_order_history><id_employee>0</id_employee><id_order>276</id_order><id_order_state>9</id_order_state><date_add>2014-09-25 13:50:26</date_add></order_history><order_history><id_order_history>735</id_order_history><id_employee>0</id_employee><id_order>276</id_order><id_order_state>3</id_order_state><date_add>2014-09-25 13:50:27</date_add></order_history><order_history><id_order_history>738</id_order_history><id_employee>0</id_employee><id_order>277</id_order><id_order_state>9</id_order_state><date_add>2014-09-29 17:47:34</date_add></order_history><order_history><id_order_history>739</id_order_history><id_employee>0</id_employee><id_order>277</id_order><id_order_state>10</id_order_state><date_add>2014-09-29 17:47:35</date_add></order_history></order_historys></xml>
