<?xml version="1.0"?>
<xml version="1.0" encoding="utf-8"><order_carriers><order_carrier><id_order_carrier>36</id_order_carrier><id_order>39</id_order><id_carrier>4</id_carrier><id_order_invoice>0</id_order_invoice><weight>0.000000</weight><shipping_cost_tax_excl>0.000000</shipping_cost_tax_excl><shipping_cost_tax_incl>0.000000</shipping_cost_tax_incl><tracking_number></tracking_number><date_add>2013-06-17 20:29:01</date_add></order_carrier><order_carrier><id_order_carrier>37</id_order_carrier><id_order>40</id_order><id_carrier>4</id_carrier><id_order_invoice>0</id_order_invoice><weight>0.000000</weight><shipping_cost_tax_excl>0.000000</shipping_cost_tax_excl><shipping_cost_tax_incl>0.000000</shipping_cost_tax_incl><tracking_number></tracking_number><date_add>2013-06-18 12:48:54</date_add></order_carrier><order_carrier><id_order_carrier>43</id_order_carrier><id_order>46</id_order><id_carrier>4</id_carrier><id_order_invoice>0</id_order_invoice><weight>0.000000</weight><shipping_cost_tax_excl>0.000000</shipping_cost_tax_excl><shipping_cost_tax_incl>0.000000</shipping_cost_tax_incl><tracking_number></tracking_number><date_add>2013-07-16 08:47:05</date_add></order_carrier><order_carrier><id_order_carrier>44</id_order_carrier><id_order>47</id_order><id_carrier>4</id_carrier><id_order_invoice>0</id_order_invoice><weight>0.000000</weight><shipping_cost_tax_excl>0.000000</shipping_cost_tax_excl><shipping_cost_tax_incl>0.000000</shipping_cost_tax_incl><tracking_number></tracking_number><date_add>2013-07-19 11:39:38</date_add></order_carrier><order_carrier><id_order_carrier>48</id_order_carrier><id_order>51</id_order><id_carrier>4</id_carrier><id_order_invoice>0</id_order_invoice><weight>0.000000</weight><shipping_cost_tax_excl>0.000000</shipping_cost_tax_excl><shipping_cost_tax_incl>0.000000</shipping_cost_tax_incl><tracking_number></tracking_number><date_add>2013-07-25 23:13:56</date_add></order_carrier><order_carrier><id_order_carrier>52</id_order_carrier><id_order>55</id_order><id_carrier>4</id_carrier><id_order_invoice>0</id_order_invoice><weight>0.000000</weight><shipping_cost_tax_excl>0.000000</shipping_cost_tax_excl><shipping_cost_tax_incl>0.000000</shipping_cost_tax_incl><tracking_number></tracking_number><date_add>2013-08-19 09:17:08</date_add></order_carrier><order_carrier><id_order_carrier>55</id_order_carrier><id_order>58</id_order><id_carrier>4</id_carrier><id_order_invoice>0</id_order_invoice><weight>0.000000</weight><shipping_cost_tax_excl>0.000000</shipping_cost_tax_excl><shipping_cost_tax_incl>0.000000</shipping_cost_tax_incl><tracking_number></tracking_number><date_add>2013-08-27 21:04:24</date_add></order_carrier><order_carrier><id_order_carrier>56</id_order_carrier><id_order>59</id_order><id_carrier>4</id_carrier><id_order_invoice>0</id_order_invoice><weight>0.000000</weight><shipping_cost_tax_excl>3.000000</shipping_cost_tax_excl><shipping_cost_tax_incl>3.600000</shipping_cost_tax_incl><tracking_number></tracking_number><date_add>2013-08-27 21:33:01</date_add></order_carrier><order_carrier><id_order_carrier>59</id_order_carrier><id_order>62</id_order><id_carrier>4</id_carrier><id_order_invoice>0</id_order_invoice><weight>0.000000</weight><shipping_cost_tax_excl>0.000000</shipping_cost_tax_excl><shipping_cost_tax_incl>0.000000</shipping_cost_tax_incl><tracking_number></tracking_number><date_add>2013-09-02 20:46:52</date_add></order_carrier><order_carrier><id_order_carrier>60</id_order_carrier><id_order>63</id_order><id_carrier>4</id_carrier><id_order_invoice>0</id_order_invoice><weight>0.000000</weight><shipping_cost_tax_excl>3.000000</shipping_cost_tax_excl><shipping_cost_tax_incl>3.600000</shipping_cost_tax_incl><tracking_number></tracking_number><date_add>2013-09-02 21:17:12</date_add></order_carrier><order_carrier><id_order_carrier>64</id_order_carrier><id_order>67</id_order><id_carrier>4</id_carrier><id_order_invoice>0</id_order_invoice><weight>0.000000</weight><shipping_cost_tax_excl>0.000000</shipping_cost_tax_excl><shipping_cost_tax_incl>0.000000</shipping_cost_tax_incl><tracking_number></tracking_number><date_add>2013-09-16 22:30:12</date_add></order_carrier><order_carrier><id_order_carrier>70</id_order_carrier><id_order>73</id_order><id_carrier>4</id_carrier><id_order_invoice>0</id_order_invoice><weight>0.000000</weight><shipping_cost_tax_excl>0.000000</shipping_cost_tax_excl><shipping_cost_tax_incl>0.000000</shipping_cost_tax_incl><tracking_number></tracking_number><date_add>2013-09-24 07:27:30</date_add></order_carrier><order_carrier><id_order_carrier>75</id_order_carrier><id_order>78</id_order><id_carrier>4</id_carrier><id_order_invoice>0</id_order_invoice><weight>0.000000</weight><shipping_cost_tax_excl>0.000000</shipping_cost_tax_excl><shipping_cost_tax_incl>0.000000</shipping_cost_tax_incl><tracking_number></tracking_number><date_add>2013-10-06 23:57:17</date_add></order_carrier><order_carrier><id_order_carrier>77</id_order_carrier><id_order>80</id_order><id_carrier>4</id_carrier><id_order_invoice>0</id_order_invoice><weight>0.000000</weight><shipping_cost_tax_excl>0.000000</shipping_cost_tax_excl><shipping_cost_tax_incl>0.000000</shipping_cost_tax_incl><tracking_number></tracking_number><date_add>2013-10-08 21:59:26</date_add></order_carrier><order_carrier><id_order_carrier>78</id_order_carrier><id_order>81</id_order><id_carrier>4</id_carrier><id_order_invoice>0</id_order_invoice><weight>0.000000</weight><shipping_cost_tax_excl>0.000000</shipping_cost_tax_excl><shipping_cost_tax_incl>0.000000</shipping_cost_tax_incl><tracking_number></tracking_number><date_add>2013-10-08 22:09:19</date_add></order_carrier><order_carrier><id_order_carrier>79</id_order_carrier><id_order>82</id_order><id_carrier>4</id_carrier><id_order_invoice>0</id_order_invoice><weight>0.000000</weight><shipping_cost_tax_excl>0.000000</shipping_cost_tax_excl><shipping_cost_tax_incl>0.000000</shipping_cost_tax_incl><tracking_number></tracking_number><date_add>2013-10-10 21:28:05</date_add></order_carrier><order_carrier><id_order_carrier>80</id_order_carrier><id_order>83</id_order><id_carrier>4</id_carrier><id_order_invoice>0</id_order_invoice><weight>0.000000</weight><shipping_cost_tax_excl>0.000000</shipping_cost_tax_excl><shipping_cost_tax_incl>0.000000</shipping_cost_tax_incl><tracking_number></tracking_number><date_add>2013-10-14 22:41:44</date_add></order_carrier><order_carrier><id_order_carrier>83</id_order_carrier><id_order>86</id_order><id_carrier>4</id_carrier><id_order_invoice>0</id_order_invoice><weight>0.000000</weight><shipping_cost_tax_excl>0.000000</shipping_cost_tax_excl><shipping_cost_tax_incl>0.000000</shipping_cost_tax_incl><tracking_number></tracking_number><date_add>2013-10-22 12:59:47</date_add></order_carrier><order_carrier><id_order_carrier>86</id_order_carrier><id_order>89</id_order><id_carrier>4</id_carrier><id_order_invoice>0</id_order_invoice><weight>0.000000</weight><shipping_cost_tax_excl>0.000000</shipping_cost_tax_excl><shipping_cost_tax_incl>0.000000</shipping_cost_tax_incl><tracking_number></tracking_number><date_add>2013-10-24 20:50:24</date_add></order_carrier><order_carrier><id_order_carrier>92</id_order_carrier><id_order>95</id_order><id_carrier>4</id_carrier><id_order_invoice>0</id_order_invoice><weight>0.000000</weight><shipping_cost_tax_excl>0.000000</shipping_cost_tax_excl><shipping_cost_tax_incl>0.000000</shipping_cost_tax_incl><tracking_number></tracking_number><date_add>2013-11-03 19:33:17</date_add></order_carrier><order_carrier><id_order_carrier>94</id_order_carrier><id_order>97</id_order><id_carrier>4</id_carrier><id_order_invoice>0</id_order_invoice><weight>0.000000</weight><shipping_cost_tax_excl>0.000000</shipping_cost_tax_excl><shipping_cost_tax_incl>0.000000</shipping_cost_tax_incl><tracking_number></tracking_number><date_add>2013-11-05 10:35:54</date_add></order_carrier><order_carrier><id_order_carrier>99</id_order_carrier><id_order>102</id_order><id_carrier>4</id_carrier><id_order_invoice>0</id_order_invoice><weight>0.000000</weight><shipping_cost_tax_excl>0.000000</shipping_cost_tax_excl><shipping_cost_tax_incl>0.000000</shipping_cost_tax_incl><tracking_number></tracking_number><date_add>2013-11-10 21:28:00</date_add></order_carrier><order_carrier><id_order_carrier>105</id_order_carrier><id_order>108</id_order><id_carrier>4</id_carrier><id_order_invoice>0</id_order_invoice><weight>0.000000</weight><shipping_cost_tax_excl>0.000000</shipping_cost_tax_excl><shipping_cost_tax_incl>0.000000</shipping_cost_tax_incl><tracking_number></tracking_number><date_add>2013-11-17 20:42:51</date_add></order_carrier><order_carrier><id_order_carrier>107</id_order_carrier><id_order>110</id_order><id_carrier>4</id_carrier><id_order_invoice>0</id_order_invoice><weight>0.000000</weight><shipping_cost_tax_excl>0.000000</shipping_cost_tax_excl><shipping_cost_tax_incl>0.000000</shipping_cost_tax_incl><tracking_number></tracking_number><date_add>2013-11-21 09:07:56</date_add></order_carrier><order_carrier><id_order_carrier>108</id_order_carrier><id_order>111</id_order><id_carrier>4</id_carrier><id_order_invoice>0</id_order_invoice><weight>0.000000</weight><shipping_cost_tax_excl>0.000000</shipping_cost_tax_excl><shipping_cost_tax_incl>0.000000</shipping_cost_tax_incl><tracking_number></tracking_number><date_add>2013-11-21 22:04:11</date_add></order_carrier><order_carrier><id_order_carrier>111</id_order_carrier><id_order>114</id_order><id_carrier>4</id_carrier><id_order_invoice>0</id_order_invoice><weight>0.000000</weight><shipping_cost_tax_excl>0.000000</shipping_cost_tax_excl><shipping_cost_tax_incl>0.000000</shipping_cost_tax_incl><tracking_number></tracking_number><date_add>2013-11-25 22:21:08</date_add></order_carrier><order_carrier><id_order_carrier>122</id_order_carrier><id_order>125</id_order><id_carrier>4</id_carrier><id_order_invoice>0</id_order_invoice><weight>0.000000</weight><shipping_cost_tax_excl>0.000000</shipping_cost_tax_excl><shipping_cost_tax_incl>0.000000</shipping_cost_tax_incl><tracking_number></tracking_number><date_add>2013-12-03 23:00:45</date_add></order_carrier><order_carrier><id_order_carrier>124</id_order_carrier><id_order>127</id_order><id_carrier>4</id_carrier><id_order_invoice>0</id_order_invoice><weight>0.000000</weight><shipping_cost_tax_excl>0.000000</shipping_cost_tax_excl><shipping_cost_tax_incl>0.000000</shipping_cost_tax_incl><tracking_number></tracking_number><date_add>2013-12-04 20:49:18</date_add></order_carrier><order_carrier><id_order_carrier>125</id_order_carrier><id_order>128</id_order><id_carrier>4</id_carrier><id_order_invoice>0</id_order_invoice><weight>0.000000</weight><shipping_cost_tax_excl>0.000000</shipping_cost_tax_excl><shipping_cost_tax_incl>0.000000</shipping_cost_tax_incl><tracking_number></tracking_number><date_add>2013-12-04 21:07:24</date_add></order_carrier><order_carrier><id_order_carrier>126</id_order_carrier><id_order>129</id_order><id_carrier>4</id_carrier><id_order_invoice>0</id_order_invoice><weight>0.000000</weight><shipping_cost_tax_excl>0.000000</shipping_cost_tax_excl><shipping_cost_tax_incl>0.000000</shipping_cost_tax_incl><tracking_number></tracking_number><date_add>2013-12-05 11:00:10</date_add></order_carrier><order_carrier><id_order_carrier>135</id_order_carrier><id_order>138</id_order><id_carrier>4</id_carrier><id_order_invoice>0</id_order_invoice><weight>0.000000</weight><shipping_cost_tax_excl>0.000000</shipping_cost_tax_excl><shipping_cost_tax_incl>0.000000</shipping_cost_tax_incl><tracking_number></tracking_number><date_add>2013-12-15 23:11:37</date_add></order_carrier><order_carrier><id_order_carrier>137</id_order_carrier><id_order>140</id_order><id_carrier>4</id_carrier><id_order_invoice>0</id_order_invoice><weight>0.000000</weight><shipping_cost_tax_excl>0.000000</shipping_cost_tax_excl><shipping_cost_tax_incl>0.000000</shipping_cost_tax_incl><tracking_number></tracking_number><date_add>2013-12-19 21:23:33</date_add></order_carrier><order_carrier><id_order_carrier>142</id_order_carrier><id_order>145</id_order><id_carrier>4</id_carrier><id_order_invoice>0</id_order_invoice><weight>0.000000</weight><shipping_cost_tax_excl>0.000000</shipping_cost_tax_excl><shipping_cost_tax_incl>0.000000</shipping_cost_tax_incl><tracking_number></tracking_number><date_add>2014-01-09 22:08:24</date_add></order_carrier><order_carrier><id_order_carrier>144</id_order_carrier><id_order>147</id_order><id_carrier>4</id_carrier><id_order_invoice>0</id_order_invoice><weight>0.000000</weight><shipping_cost_tax_excl>0.000000</shipping_cost_tax_excl><shipping_cost_tax_incl>0.000000</shipping_cost_tax_incl><tracking_number></tracking_number><date_add>2014-01-14 10:41:55</date_add></order_carrier><order_carrier><id_order_carrier>145</id_order_carrier><id_order>148</id_order><id_carrier>4</id_carrier><id_order_invoice>0</id_order_invoice><weight>0.000000</weight><shipping_cost_tax_excl>0.000000</shipping_cost_tax_excl><shipping_cost_tax_incl>0.000000</shipping_cost_tax_incl><tracking_number></tracking_number><date_add>2014-01-14 10:55:19</date_add></order_carrier><order_carrier><id_order_carrier>148</id_order_carrier><id_order>151</id_order><id_carrier>4</id_carrier><id_order_invoice>0</id_order_invoice><weight>0.000000</weight><shipping_cost_tax_excl>0.000000</shipping_cost_tax_excl><shipping_cost_tax_incl>0.000000</shipping_cost_tax_incl><tracking_number></tracking_number><date_add>2014-01-15 22:38:57</date_add></order_carrier><order_carrier><id_order_carrier>150</id_order_carrier><id_order>153</id_order><id_carrier>4</id_carrier><id_order_invoice>0</id_order_invoice><weight>0.000000</weight><shipping_cost_tax_excl>0.000000</shipping_cost_tax_excl><shipping_cost_tax_incl>0.000000</shipping_cost_tax_incl><tracking_number></tracking_number><date_add>2014-01-20 21:07:12</date_add></order_carrier><order_carrier><id_order_carrier>153</id_order_carrier><id_order>156</id_order><id_carrier>4</id_carrier><id_order_invoice>0</id_order_invoice><weight>0.000000</weight><shipping_cost_tax_excl>0.000000</shipping_cost_tax_excl><shipping_cost_tax_incl>0.000000</shipping_cost_tax_incl><tracking_number></tracking_number><date_add>2014-01-23 10:31:35</date_add></order_carrier><order_carrier><id_order_carrier>154</id_order_carrier><id_order>157</id_order><id_carrier>4</id_carrier><id_order_invoice>0</id_order_invoice><weight>0.000000</weight><shipping_cost_tax_excl>0.000000</shipping_cost_tax_excl><shipping_cost_tax_incl>0.000000</shipping_cost_tax_incl><tracking_number></tracking_number><date_add>2014-01-24 12:05:45</date_add></order_carrier><order_carrier><id_order_carrier>156</id_order_carrier><id_order>159</id_order><id_carrier>4</id_carrier><id_order_invoice>0</id_order_invoice><weight>0.000000</weight><shipping_cost_tax_excl>0.000000</shipping_cost_tax_excl><shipping_cost_tax_incl>0.000000</shipping_cost_tax_incl><tracking_number></tracking_number><date_add>2014-01-27 10:13:16</date_add></order_carrier><order_carrier><id_order_carrier>157</id_order_carrier><id_order>160</id_order><id_carrier>4</id_carrier><id_order_invoice>0</id_order_invoice><weight>0.000000</weight><shipping_cost_tax_excl>0.000000</shipping_cost_tax_excl><shipping_cost_tax_incl>0.000000</shipping_cost_tax_incl><tracking_number></tracking_number><date_add>2014-01-27 11:40:14</date_add></order_carrier><order_carrier><id_order_carrier>162</id_order_carrier><id_order>165</id_order><id_carrier>4</id_carrier><id_order_invoice>0</id_order_invoice><weight>0.000000</weight><shipping_cost_tax_excl>0.000000</shipping_cost_tax_excl><shipping_cost_tax_incl>0.000000</shipping_cost_tax_incl><tracking_number></tracking_number><date_add>2014-02-04 08:46:56</date_add></order_carrier><order_carrier><id_order_carrier>172</id_order_carrier><id_order>175</id_order><id_carrier>4</id_carrier><id_order_invoice>0</id_order_invoice><weight>0.000000</weight><shipping_cost_tax_excl>0.000000</shipping_cost_tax_excl><shipping_cost_tax_incl>0.000000</shipping_cost_tax_incl><tracking_number></tracking_number><date_add>2014-02-11 10:47:14</date_add></order_carrier><order_carrier><id_order_carrier>177</id_order_carrier><id_order>180</id_order><id_carrier>4</id_carrier><id_order_invoice>0</id_order_invoice><weight>0.000000</weight><shipping_cost_tax_excl>0.000000</shipping_cost_tax_excl><shipping_cost_tax_incl>0.000000</shipping_cost_tax_incl><tracking_number></tracking_number><date_add>2014-02-20 21:27:45</date_add></order_carrier><order_carrier><id_order_carrier>179</id_order_carrier><id_order>182</id_order><id_carrier>4</id_carrier><id_order_invoice>0</id_order_invoice><weight>0.000000</weight><shipping_cost_tax_excl>0.000000</shipping_cost_tax_excl><shipping_cost_tax_incl>0.000000</shipping_cost_tax_incl><tracking_number></tracking_number><date_add>2014-02-22 22:19:59</date_add></order_carrier><order_carrier><id_order_carrier>188</id_order_carrier><id_order>191</id_order><id_carrier>4</id_carrier><id_order_invoice>0</id_order_invoice><weight>0.000000</weight><shipping_cost_tax_excl>0.000000</shipping_cost_tax_excl><shipping_cost_tax_incl>0.000000</shipping_cost_tax_incl><tracking_number></tracking_number><date_add>2014-03-11 00:16:19</date_add></order_carrier><order_carrier><id_order_carrier>189</id_order_carrier><id_order>192</id_order><id_carrier>4</id_carrier><id_order_invoice>0</id_order_invoice><weight>0.000000</weight><shipping_cost_tax_excl>0.000000</shipping_cost_tax_excl><shipping_cost_tax_incl>0.000000</shipping_cost_tax_incl><tracking_number></tracking_number><date_add>2014-03-11 11:44:01</date_add></order_carrier><order_carrier><id_order_carrier>202</id_order_carrier><id_order>205</id_order><id_carrier>4</id_carrier><id_order_invoice>0</id_order_invoice><weight>0.000000</weight><shipping_cost_tax_excl>0.000000</shipping_cost_tax_excl><shipping_cost_tax_incl>0.000000</shipping_cost_tax_incl><tracking_number></tracking_number><date_add>2014-04-02 09:41:24</date_add></order_carrier><order_carrier><id_order_carrier>203</id_order_carrier><id_order>206</id_order><id_carrier>4</id_carrier><id_order_invoice>0</id_order_invoice><weight>0.000000</weight><shipping_cost_tax_excl>3.000000</shipping_cost_tax_excl><shipping_cost_tax_incl>3.600000</shipping_cost_tax_incl><tracking_number></tracking_number><date_add>2014-04-03 14:44:41</date_add></order_carrier><order_carrier><id_order_carrier>205</id_order_carrier><id_order>208</id_order><id_carrier>4</id_carrier><id_order_invoice>0</id_order_invoice><weight>0.000000</weight><shipping_cost_tax_excl>0.000000</shipping_cost_tax_excl><shipping_cost_tax_incl>0.000000</shipping_cost_tax_incl><tracking_number></tracking_number><date_add>2014-04-07 21:19:17</date_add></order_carrier><order_carrier><id_order_carrier>206</id_order_carrier><id_order>209</id_order><id_carrier>4</id_carrier><id_order_invoice>0</id_order_invoice><weight>0.000000</weight><shipping_cost_tax_excl>0.000000</shipping_cost_tax_excl><shipping_cost_tax_incl>0.000000</shipping_cost_tax_incl><tracking_number></tracking_number><date_add>2014-04-09 06:36:43</date_add></order_carrier><order_carrier><id_order_carrier>210</id_order_carrier><id_order>213</id_order><id_carrier>4</id_carrier><id_order_invoice>0</id_order_invoice><weight>0.000000</weight><shipping_cost_tax_excl>0.000000</shipping_cost_tax_excl><shipping_cost_tax_incl>0.000000</shipping_cost_tax_incl><tracking_number></tracking_number><date_add>2014-04-21 20:09:26</date_add></order_carrier><order_carrier><id_order_carrier>211</id_order_carrier><id_order>214</id_order><id_carrier>4</id_carrier><id_order_invoice>0</id_order_invoice><weight>0.000000</weight><shipping_cost_tax_excl>0.000000</shipping_cost_tax_excl><shipping_cost_tax_incl>0.000000</shipping_cost_tax_incl><tracking_number></tracking_number><date_add>2014-04-21 20:59:14</date_add></order_carrier><order_carrier><id_order_carrier>214</id_order_carrier><id_order>217</id_order><id_carrier>4</id_carrier><id_order_invoice>0</id_order_invoice><weight>0.000000</weight><shipping_cost_tax_excl>0.000000</shipping_cost_tax_excl><shipping_cost_tax_incl>0.000000</shipping_cost_tax_incl><tracking_number></tracking_number><date_add>2014-04-28 09:29:45</date_add></order_carrier><order_carrier><id_order_carrier>222</id_order_carrier><id_order>225</id_order><id_carrier>4</id_carrier><id_order_invoice>0</id_order_invoice><weight>0.000000</weight><shipping_cost_tax_excl>0.000000</shipping_cost_tax_excl><shipping_cost_tax_incl>0.000000</shipping_cost_tax_incl><tracking_number></tracking_number><date_add>2014-05-15 20:39:11</date_add></order_carrier><order_carrier><id_order_carrier>223</id_order_carrier><id_order>226</id_order><id_carrier>4</id_carrier><id_order_invoice>0</id_order_invoice><weight>0.000000</weight><shipping_cost_tax_excl>0.000000</shipping_cost_tax_excl><shipping_cost_tax_incl>0.000000</shipping_cost_tax_incl><tracking_number></tracking_number><date_add>2014-05-17 10:49:58</date_add></order_carrier><order_carrier><id_order_carrier>225</id_order_carrier><id_order>228</id_order><id_carrier>4</id_carrier><id_order_invoice>0</id_order_invoice><weight>0.000000</weight><shipping_cost_tax_excl>0.000000</shipping_cost_tax_excl><shipping_cost_tax_incl>0.000000</shipping_cost_tax_incl><tracking_number></tracking_number><date_add>2014-05-19 15:30:58</date_add></order_carrier><order_carrier><id_order_carrier>227</id_order_carrier><id_order>230</id_order><id_carrier>4</id_carrier><id_order_invoice>0</id_order_invoice><weight>0.000000</weight><shipping_cost_tax_excl>0.000000</shipping_cost_tax_excl><shipping_cost_tax_incl>0.000000</shipping_cost_tax_incl><tracking_number></tracking_number><date_add>2014-05-20 06:28:32</date_add></order_carrier><order_carrier><id_order_carrier>233</id_order_carrier><id_order>236</id_order><id_carrier>4</id_carrier><id_order_invoice>0</id_order_invoice><weight>0.000000</weight><shipping_cost_tax_excl>0.000000</shipping_cost_tax_excl><shipping_cost_tax_incl>0.000000</shipping_cost_tax_incl><tracking_number></tracking_number><date_add>2014-05-28 15:44:25</date_add></order_carrier><order_carrier><id_order_carrier>235</id_order_carrier><id_order>238</id_order><id_carrier>4</id_carrier><id_order_invoice>0</id_order_invoice><weight>0.000000</weight><shipping_cost_tax_excl>0.000000</shipping_cost_tax_excl><shipping_cost_tax_incl>0.000000</shipping_cost_tax_incl><tracking_number></tracking_number><date_add>2014-05-30 16:32:13</date_add></order_carrier><order_carrier><id_order_carrier>237</id_order_carrier><id_order>240</id_order><id_carrier>4</id_carrier><id_order_invoice>0</id_order_invoice><weight>0.000000</weight><shipping_cost_tax_excl>0.000000</shipping_cost_tax_excl><shipping_cost_tax_incl>0.000000</shipping_cost_tax_incl><tracking_number></tracking_number><date_add>2014-06-02 15:54:36</date_add></order_carrier><order_carrier><id_order_carrier>240</id_order_carrier><id_order>243</id_order><id_carrier>4</id_carrier><id_order_invoice>0</id_order_invoice><weight>0.000000</weight><shipping_cost_tax_excl>0.000000</shipping_cost_tax_excl><shipping_cost_tax_incl>0.000000</shipping_cost_tax_incl><tracking_number></tracking_number><date_add>2014-06-10 19:00:43</date_add></order_carrier><order_carrier><id_order_carrier>247</id_order_carrier><id_order>250</id_order><id_carrier>4</id_carrier><id_order_invoice>0</id_order_invoice><weight>0.000000</weight><shipping_cost_tax_excl>0.000000</shipping_cost_tax_excl><shipping_cost_tax_incl>0.000000</shipping_cost_tax_incl><tracking_number></tracking_number><date_add>2014-07-06 22:43:56</date_add></order_carrier><order_carrier><id_order_carrier>249</id_order_carrier><id_order>252</id_order><id_carrier>4</id_carrier><id_order_invoice>0</id_order_invoice><weight>0.000000</weight><shipping_cost_tax_excl>0.000000</shipping_cost_tax_excl><shipping_cost_tax_incl>0.000000</shipping_cost_tax_incl><tracking_number></tracking_number><date_add>2014-07-14 09:20:18</date_add></order_carrier><order_carrier><id_order_carrier>251</id_order_carrier><id_order>254</id_order><id_carrier>4</id_carrier><id_order_invoice>0</id_order_invoice><weight>0.000000</weight><shipping_cost_tax_excl>0.000000</shipping_cost_tax_excl><shipping_cost_tax_incl>0.000000</shipping_cost_tax_incl><tracking_number></tracking_number><date_add>2014-07-30 08:49:05</date_add></order_carrier><order_carrier><id_order_carrier>252</id_order_carrier><id_order>255</id_order><id_carrier>4</id_carrier><id_order_invoice>0</id_order_invoice><weight>0.000000</weight><shipping_cost_tax_excl>0.000000</shipping_cost_tax_excl><shipping_cost_tax_incl>0.000000</shipping_cost_tax_incl><tracking_number></tracking_number><date_add>2014-08-04 15:59:19</date_add></order_carrier><order_carrier><id_order_carrier>253</id_order_carrier><id_order>256</id_order><id_carrier>4</id_carrier><id_order_invoice>0</id_order_invoice><weight>0.000000</weight><shipping_cost_tax_excl>0.000000</shipping_cost_tax_excl><shipping_cost_tax_incl>0.000000</shipping_cost_tax_incl><tracking_number></tracking_number><date_add>2014-08-15 11:00:59</date_add></order_carrier><order_carrier><id_order_carrier>254</id_order_carrier><id_order>257</id_order><id_carrier>4</id_carrier><id_order_invoice>0</id_order_invoice><weight>0.000000</weight><shipping_cost_tax_excl>0.000000</shipping_cost_tax_excl><shipping_cost_tax_incl>0.000000</shipping_cost_tax_incl><tracking_number></tracking_number><date_add>2014-08-20 16:27:26</date_add></order_carrier><order_carrier><id_order_carrier>255</id_order_carrier><id_order>258</id_order><id_carrier>4</id_carrier><id_order_invoice>0</id_order_invoice><weight>0.000000</weight><shipping_cost_tax_excl>0.000000</shipping_cost_tax_excl><shipping_cost_tax_incl>0.000000</shipping_cost_tax_incl><tracking_number></tracking_number><date_add>2014-08-21 09:07:28</date_add></order_carrier><order_carrier><id_order_carrier>256</id_order_carrier><id_order>259</id_order><id_carrier>4</id_carrier><id_order_invoice>0</id_order_invoice><weight>0.000000</weight><shipping_cost_tax_excl>0.000000</shipping_cost_tax_excl><shipping_cost_tax_incl>0.000000</shipping_cost_tax_incl><tracking_number></tracking_number><date_add>2014-08-21 14:00:47</date_add></order_carrier><order_carrier><id_order_carrier>257</id_order_carrier><id_order>260</id_order><id_carrier>4</id_carrier><id_order_invoice>0</id_order_invoice><weight>0.000000</weight><shipping_cost_tax_excl>0.000000</shipping_cost_tax_excl><shipping_cost_tax_incl>0.000000</shipping_cost_tax_incl><tracking_number></tracking_number><date_add>2014-08-26 12:48:42</date_add></order_carrier><order_carrier><id_order_carrier>258</id_order_carrier><id_order>261</id_order><id_carrier>4</id_carrier><id_order_invoice>0</id_order_invoice><weight>0.000000</weight><shipping_cost_tax_excl>0.000000</shipping_cost_tax_excl><shipping_cost_tax_incl>0.000000</shipping_cost_tax_incl><tracking_number></tracking_number><date_add>2014-08-27 19:59:45</date_add></order_carrier><order_carrier><id_order_carrier>259</id_order_carrier><id_order>262</id_order><id_carrier>4</id_carrier><id_order_invoice>0</id_order_invoice><weight>0.000000</weight><shipping_cost_tax_excl>0.000000</shipping_cost_tax_excl><shipping_cost_tax_incl>0.000000</shipping_cost_tax_incl><tracking_number></tracking_number><date_add>2014-08-27 20:04:47</date_add></order_carrier><order_carrier><id_order_carrier>260</id_order_carrier><id_order>263</id_order><id_carrier>4</id_carrier><id_order_invoice>2</id_order_invoice><weight>0.000000</weight><shipping_cost_tax_excl>0.000000</shipping_cost_tax_excl><shipping_cost_tax_incl>0.000000</shipping_cost_tax_incl><tracking_number></tracking_number><date_add>2014-08-27 20:09:06</date_add></order_carrier><order_carrier><id_order_carrier>261</id_order_carrier><id_order>264</id_order><id_carrier>4</id_carrier><id_order_invoice>0</id_order_invoice><weight>0.000000</weight><shipping_cost_tax_excl>0.000000</shipping_cost_tax_excl><shipping_cost_tax_incl>0.000000</shipping_cost_tax_incl><tracking_number></tracking_number><date_add>2014-09-02 08:02:04</date_add></order_carrier><order_carrier><id_order_carrier>262</id_order_carrier><id_order>265</id_order><id_carrier>4</id_carrier><id_order_invoice>0</id_order_invoice><weight>0.000000</weight><shipping_cost_tax_excl>0.000000</shipping_cost_tax_excl><shipping_cost_tax_incl>0.000000</shipping_cost_tax_incl><tracking_number></tracking_number><date_add>2014-09-02 22:12:41</date_add></order_carrier><order_carrier><id_order_carrier>263</id_order_carrier><id_order>266</id_order><id_carrier>4</id_carrier><id_order_invoice>0</id_order_invoice><weight>0.000000</weight><shipping_cost_tax_excl>0.000000</shipping_cost_tax_excl><shipping_cost_tax_incl>0.000000</shipping_cost_tax_incl><tracking_number></tracking_number><date_add>2014-09-04 19:42:14</date_add></order_carrier><order_carrier><id_order_carrier>264</id_order_carrier><id_order>267</id_order><id_carrier>4</id_carrier><id_order_invoice>0</id_order_invoice><weight>0.000000</weight><shipping_cost_tax_excl>0.000000</shipping_cost_tax_excl><shipping_cost_tax_incl>0.000000</shipping_cost_tax_incl><tracking_number></tracking_number><date_add>2014-09-04 23:06:22</date_add></order_carrier><order_carrier><id_order_carrier>265</id_order_carrier><id_order>268</id_order><id_carrier>4</id_carrier><id_order_invoice>0</id_order_invoice><weight>0.000000</weight><shipping_cost_tax_excl>0.000000</shipping_cost_tax_excl><shipping_cost_tax_incl>0.000000</shipping_cost_tax_incl><tracking_number></tracking_number><date_add>2014-09-05 12:53:31</date_add></order_carrier><order_carrier><id_order_carrier>266</id_order_carrier><id_order>269</id_order><id_carrier>4</id_carrier><id_order_invoice>0</id_order_invoice><weight>0.000000</weight><shipping_cost_tax_excl>0.000000</shipping_cost_tax_excl><shipping_cost_tax_incl>0.000000</shipping_cost_tax_incl><tracking_number></tracking_number><date_add>2014-09-08 23:10:37</date_add></order_carrier><order_carrier><id_order_carrier>267</id_order_carrier><id_order>270</id_order><id_carrier>4</id_carrier><id_order_invoice>0</id_order_invoice><weight>0.000000</weight><shipping_cost_tax_excl>0.000000</shipping_cost_tax_excl><shipping_cost_tax_incl>0.000000</shipping_cost_tax_incl><tracking_number></tracking_number><date_add>2014-09-16 16:07:23</date_add></order_carrier><order_carrier><id_order_carrier>268</id_order_carrier><id_order>271</id_order><id_carrier>4</id_carrier><id_order_invoice>0</id_order_invoice><weight>0.000000</weight><shipping_cost_tax_excl>0.000000</shipping_cost_tax_excl><shipping_cost_tax_incl>0.000000</shipping_cost_tax_incl><tracking_number></tracking_number><date_add>2014-09-16 16:12:57</date_add></order_carrier><order_carrier><id_order_carrier>269</id_order_carrier><id_order>272</id_order><id_carrier>4</id_carrier><id_order_invoice>0</id_order_invoice><weight>0.000000</weight><shipping_cost_tax_excl>0.000000</shipping_cost_tax_excl><shipping_cost_tax_incl>0.000000</shipping_cost_tax_incl><tracking_number></tracking_number><date_add>2014-09-19 08:01:41</date_add></order_carrier><order_carrier><id_order_carrier>270</id_order_carrier><id_order>273</id_order><id_carrier>4</id_carrier><id_order_invoice>0</id_order_invoice><weight>0.000000</weight><shipping_cost_tax_excl>0.000000</shipping_cost_tax_excl><shipping_cost_tax_incl>0.000000</shipping_cost_tax_incl><tracking_number></tracking_number><date_add>2014-09-22 16:23:25</date_add></order_carrier><order_carrier><id_order_carrier>271</id_order_carrier><id_order>274</id_order><id_carrier>4</id_carrier><id_order_invoice>0</id_order_invoice><weight>0.000000</weight><shipping_cost_tax_excl>0.000000</shipping_cost_tax_excl><shipping_cost_tax_incl>0.000000</shipping_cost_tax_incl><tracking_number></tracking_number><date_add>2014-09-24 15:04:45</date_add></order_carrier><order_carrier><id_order_carrier>272</id_order_carrier><id_order>275</id_order><id_carrier>4</id_carrier><id_order_invoice>0</id_order_invoice><weight>0.000000</weight><shipping_cost_tax_excl>0.000000</shipping_cost_tax_excl><shipping_cost_tax_incl>0.000000</shipping_cost_tax_incl><tracking_number></tracking_number><date_add>2014-09-24 15:11:04</date_add></order_carrier><order_carrier><id_order_carrier>273</id_order_carrier><id_order>276</id_order><id_carrier>4</id_carrier><id_order_invoice>0</id_order_invoice><weight>0.000000</weight><shipping_cost_tax_excl>0.000000</shipping_cost_tax_excl><shipping_cost_tax_incl>0.000000</shipping_cost_tax_incl><tracking_number></tracking_number><date_add>2014-09-25 13:50:26</date_add></order_carrier><order_carrier><id_order_carrier>274</id_order_carrier><id_order>277</id_order><id_carrier>4</id_carrier><id_order_invoice>0</id_order_invoice><weight>0.000000</weight><shipping_cost_tax_excl>0.000000</shipping_cost_tax_excl><shipping_cost_tax_incl>0.000000</shipping_cost_tax_incl><tracking_number></tracking_number><date_add>2014-09-29 17:47:34</date_add></order_carrier></order_carriers></xml>
