<?xml version="1.0"?>
<xml version="1.0" encoding="utf-8"><order_invoices><order_invoice><id_order_invoice>2</id_order_invoice><id_order>263</id_order><number>2</number><delivery_number>0</delivery_number><delivery_date>0000-00-00 00:00:00</delivery_date><total_discount_tax_excl>0.00</total_discount_tax_excl><total_discount_tax_incl>0.00</total_discount_tax_incl><total_paid_tax_excl>402.80</total_paid_tax_excl><total_paid_tax_incl>483.20</total_paid_tax_incl><total_products>402.80</total_products><total_products_wt>483.20</total_products_wt><total_shipping_tax_excl>0.00</total_shipping_tax_excl><total_shipping_tax_incl>0.00</total_shipping_tax_incl><shipping_tax_computation_method>0</shipping_tax_computation_method><total_wrapping_tax_excl>0.00</total_wrapping_tax_excl><total_wrapping_tax_incl>0.00</total_wrapping_tax_incl><note>test</note><date_add>2014-08-27 21:17:41</date_add></order_invoice></order_invoices></xml>
