<?xml version="1.0"?>
<xml version="1.0" encoding="utf-8"><order_detail_taxs><order_detail_tax><id_order_detail>146</id_order_detail><id_tax>1</id_tax><unit_amount>0.600000</unit_amount><total_amount>1.200000</total_amount></order_detail_tax><order_detail_tax><id_order_detail>147</id_order_detail><id_tax>1</id_tax><unit_amount>0.800000</unit_amount><total_amount>1.600000</total_amount></order_detail_tax><order_detail_tax><id_order_detail>148</id_order_detail><id_tax>1</id_tax><unit_amount>1.000000</unit_amount><total_amount>2.000000</total_amount></order_detail_tax><order_detail_tax><id_order_detail>149</id_order_detail><id_tax>1</id_tax><unit_amount>1.200000</unit_amount><total_amount>2.400000</total_amount></order_detail_tax><order_detail_tax><id_order_detail>150</id_order_detail><id_tax>1</id_tax><unit_amount>1.120000</unit_amount><total_amount>2.240000</total_amount></order_detail_tax><order_detail_tax><id_order_detail>151</id_order_detail><id_tax>1</id_tax><unit_amount>0.620000</unit_amount><total_amount>3.100000</total_amount></order_detail_tax><order_detail_tax><id_order_detail>152</id_order_detail><id_tax>1</id_tax><unit_amount>1.200000</unit_amount><total_amount>3.600000</total_amount></order_detail_tax><order_detail_tax><id_order_detail>153</id_order_detail><id_tax>1</id_tax><unit_amount>10.780000</unit_amount><total_amount>10.780000</total_amount></order_detail_tax><order_detail_tax><id_order_detail>190</id_order_detail><id_tax>1</id_tax><unit_amount>0.700000</unit_amount><total_amount>4.200000</total_amount></order_detail_tax><order_detail_tax><id_order_detail>191</id_order_detail><id_tax>1</id_tax><unit_amount>0.700000</unit_amount><total_amount>4.200000</total_amount></order_detail_tax><order_detail_tax><id_order_detail>192</id_order_detail><id_tax>1</id_tax><unit_amount>0.980000</unit_amount><total_amount>5.880000</total_amount></order_detail_tax><order_detail_tax><id_order_detail>193</id_order_detail><id_tax>1</id_tax><unit_amount>0.980000</unit_amount><total_amount>5.880000</total_amount></order_detail_tax><order_detail_tax><id_order_detail>194</id_order_detail><id_tax>1</id_tax><unit_amount>1.120000</unit_amount><total_amount>6.720000</total_amount></order_detail_tax><order_detail_tax><id_order_detail>195</id_order_detail><id_tax>1</id_tax><unit_amount>1.120000</unit_amount><total_amount>6.720000</total_amount></order_detail_tax><order_detail_tax><id_order_detail>196</id_order_detail><id_tax>1</id_tax><unit_amount>0.700000</unit_amount><total_amount>3.500000</total_amount></order_detail_tax><order_detail_tax><id_order_detail>197</id_order_detail><id_tax>1</id_tax><unit_amount>0.700000</unit_amount><total_amount>3.500000</total_amount></order_detail_tax><order_detail_tax><id_order_detail>198</id_order_detail><id_tax>1</id_tax><unit_amount>0.980000</unit_amount><total_amount>4.900000</total_amount></order_detail_tax><order_detail_tax><id_order_detail>199</id_order_detail><id_tax>1</id_tax><unit_amount>0.980000</unit_amount><total_amount>4.900000</total_amount></order_detail_tax><order_detail_tax><id_order_detail>200</id_order_detail><id_tax>1</id_tax><unit_amount>1.120000</unit_amount><total_amount>5.600000</total_amount></order_detail_tax><order_detail_tax><id_order_detail>201</id_order_detail><id_tax>1</id_tax><unit_amount>1.120000</unit_amount><total_amount>5.600000</total_amount></order_detail_tax><order_detail_tax><id_order_detail>202</id_order_detail><id_tax>1</id_tax><unit_amount>1.030000</unit_amount><total_amount>3.090000</total_amount></order_detail_tax><order_detail_tax><id_order_detail>203</id_order_detail><id_tax>1</id_tax><unit_amount>1.030000</unit_amount><total_amount>3.090000</total_amount></order_detail_tax><order_detail_tax><id_order_detail>204</id_order_detail><id_tax>1</id_tax><unit_amount>0.050000</unit_amount><total_amount>0.250000</total_amount></order_detail_tax><order_detail_tax><id_order_detail>218</id_order_detail><id_tax>1</id_tax><unit_amount>0.790000</unit_amount><total_amount>7.900000</total_amount></order_detail_tax><order_detail_tax><id_order_detail>219</id_order_detail><id_tax>1</id_tax><unit_amount>5.280000</unit_amount><total_amount>5.280000</total_amount></order_detail_tax><order_detail_tax><id_order_detail>220</id_order_detail><id_tax>1</id_tax><unit_amount>6.000000</unit_amount><total_amount>6.000000</total_amount></order_detail_tax><order_detail_tax><id_order_detail>221</id_order_detail><id_tax>1</id_tax><unit_amount>0.050000</unit_amount><total_amount>0.050000</total_amount></order_detail_tax><order_detail_tax><id_order_detail>240</id_order_detail><id_tax>1</id_tax><unit_amount>0.700000</unit_amount><total_amount>7.000000</total_amount></order_detail_tax><order_detail_tax><id_order_detail>241</id_order_detail><id_tax>1</id_tax><unit_amount>0.700000</unit_amount><total_amount>2.800000</total_amount></order_detail_tax><order_detail_tax><id_order_detail>242</id_order_detail><id_tax>1</id_tax><unit_amount>0.980000</unit_amount><total_amount>3.920000</total_amount></order_detail_tax><order_detail_tax><id_order_detail>243</id_order_detail><id_tax>1</id_tax><unit_amount>0.980000</unit_amount><total_amount>6.860000</total_amount></order_detail_tax><order_detail_tax><id_order_detail>244</id_order_detail><id_tax>1</id_tax><unit_amount>1.120000</unit_amount><total_amount>4.480000</total_amount></order_detail_tax><order_detail_tax><id_order_detail>245</id_order_detail><id_tax>1</id_tax><unit_amount>1.120000</unit_amount><total_amount>8.960000</total_amount></order_detail_tax><order_detail_tax><id_order_detail>246</id_order_detail><id_tax>1</id_tax><unit_amount>5.040000</unit_amount><total_amount>10.080000</total_amount></order_detail_tax><order_detail_tax><id_order_detail>257</id_order_detail><id_tax>1</id_tax><unit_amount>1.260000</unit_amount><total_amount>18.900000</total_amount></order_detail_tax><order_detail_tax><id_order_detail>258</id_order_detail><id_tax>1</id_tax><unit_amount>1.120000</unit_amount><total_amount>2.240000</total_amount></order_detail_tax><order_detail_tax><id_order_detail>259</id_order_detail><id_tax>1</id_tax><unit_amount>1.120000</unit_amount><total_amount>4.480000</total_amount></order_detail_tax><order_detail_tax><id_order_detail>269</id_order_detail><id_tax>1</id_tax><unit_amount>0.630000</unit_amount><total_amount>3.780000</total_amount></order_detail_tax><order_detail_tax><id_order_detail>270</id_order_detail><id_tax>1</id_tax><unit_amount>0.750000</unit_amount><total_amount>1.500000</total_amount></order_detail_tax><order_detail_tax><id_order_detail>271</id_order_detail><id_tax>1</id_tax><unit_amount>1.040000</unit_amount><total_amount>2.080000</total_amount></order_detail_tax><order_detail_tax><id_order_detail>272</id_order_detail><id_tax>1</id_tax><unit_amount>1.200000</unit_amount><total_amount>2.400000</total_amount></order_detail_tax><order_detail_tax><id_order_detail>273</id_order_detail><id_tax>1</id_tax><unit_amount>3.960000</unit_amount><total_amount>7.920000</total_amount></order_detail_tax><order_detail_tax><id_order_detail>293</id_order_detail><id_tax>1</id_tax><unit_amount>0.700000</unit_amount><total_amount>7.000000</total_amount></order_detail_tax><order_detail_tax><id_order_detail>294</id_order_detail><id_tax>1</id_tax><unit_amount>1.120000</unit_amount><total_amount>11.200000</total_amount></order_detail_tax><order_detail_tax><id_order_detail>295</id_order_detail><id_tax>1</id_tax><unit_amount>1.120000</unit_amount><total_amount>5.600000</total_amount></order_detail_tax><order_detail_tax><id_order_detail>296</id_order_detail><id_tax>1</id_tax><unit_amount>1.120000</unit_amount><total_amount>5.600000</total_amount></order_detail_tax><order_detail_tax><id_order_detail>297</id_order_detail><id_tax>1</id_tax><unit_amount>1.120000</unit_amount><total_amount>5.600000</total_amount></order_detail_tax><order_detail_tax><id_order_detail>321</id_order_detail><id_tax>1</id_tax><unit_amount>0.910000</unit_amount><total_amount>4.550000</total_amount></order_detail_tax><order_detail_tax><id_order_detail>322</id_order_detail><id_tax>1</id_tax><unit_amount>1.120000</unit_amount><total_amount>2.240000</total_amount></order_detail_tax><order_detail_tax><id_order_detail>323</id_order_detail><id_tax>1</id_tax><unit_amount>1.200000</unit_amount><total_amount>3.600000</total_amount></order_detail_tax><order_detail_tax><id_order_detail>347</id_order_detail><id_tax>1</id_tax><unit_amount>0.910000</unit_amount><total_amount>1.820000</total_amount></order_detail_tax><order_detail_tax><id_order_detail>348</id_order_detail><id_tax>1</id_tax><unit_amount>0.630000</unit_amount><total_amount>1.260000</total_amount></order_detail_tax><order_detail_tax><id_order_detail>349</id_order_detail><id_tax>1</id_tax><unit_amount>0.750000</unit_amount><total_amount>1.500000</total_amount></order_detail_tax><order_detail_tax><id_order_detail>350</id_order_detail><id_tax>1</id_tax><unit_amount>1.040000</unit_amount><total_amount>2.080000</total_amount></order_detail_tax><order_detail_tax><id_order_detail>351</id_order_detail><id_tax>1</id_tax><unit_amount>1.200000</unit_amount><total_amount>2.400000</total_amount></order_detail_tax><order_detail_tax><id_order_detail>352</id_order_detail><id_tax>1</id_tax><unit_amount>1.120000</unit_amount><total_amount>2.240000</total_amount></order_detail_tax><order_detail_tax><id_order_detail>353</id_order_detail><id_tax>1</id_tax><unit_amount>1.120000</unit_amount><total_amount>2.240000</total_amount></order_detail_tax><order_detail_tax><id_order_detail>354</id_order_detail><id_tax>1</id_tax><unit_amount>1.120000</unit_amount><total_amount>2.240000</total_amount></order_detail_tax><order_detail_tax><id_order_detail>355</id_order_detail><id_tax>1</id_tax><unit_amount>3.600000</unit_amount><total_amount>3.600000</total_amount></order_detail_tax><order_detail_tax><id_order_detail>366</id_order_detail><id_tax>1</id_tax><unit_amount>0.990000</unit_amount><total_amount>4.950000</total_amount></order_detail_tax><order_detail_tax><id_order_detail>368</id_order_detail><id_tax>1</id_tax><unit_amount>1.120000</unit_amount><total_amount>5.600000</total_amount></order_detail_tax><order_detail_tax><id_order_detail>369</id_order_detail><id_tax>1</id_tax><unit_amount>1.120000</unit_amount><total_amount>5.600000</total_amount></order_detail_tax><order_detail_tax><id_order_detail>370</id_order_detail><id_tax>1</id_tax><unit_amount>1.160000</unit_amount><total_amount>5.800000</total_amount></order_detail_tax><order_detail_tax><id_order_detail>371</id_order_detail><id_tax>1</id_tax><unit_amount>1.160000</unit_amount><total_amount>5.800000</total_amount></order_detail_tax><order_detail_tax><id_order_detail>372</id_order_detail><id_tax>1</id_tax><unit_amount>0.750000</unit_amount><total_amount>3.750000</total_amount></order_detail_tax><order_detail_tax><id_order_detail>373</id_order_detail><id_tax>1</id_tax><unit_amount>1.040000</unit_amount><total_amount>3.120000</total_amount></order_detail_tax><order_detail_tax><id_order_detail>374</id_order_detail><id_tax>1</id_tax><unit_amount>1.200000</unit_amount><total_amount>3.600000</total_amount></order_detail_tax><order_detail_tax><id_order_detail>375</id_order_detail><id_tax>1</id_tax><unit_amount>1.200000</unit_amount><total_amount>9.600000</total_amount></order_detail_tax><order_detail_tax><id_order_detail>376</id_order_detail><id_tax>1</id_tax><unit_amount>0.630000</unit_amount><total_amount>6.300000</total_amount></order_detail_tax><order_detail_tax><id_order_detail>377</id_order_detail><id_tax>1</id_tax><unit_amount>0.630000</unit_amount><total_amount>6.300000</total_amount></order_detail_tax><order_detail_tax><id_order_detail>390</id_order_detail><id_tax>1</id_tax><unit_amount>4.300000</unit_amount><total_amount>8.600000</total_amount></order_detail_tax><order_detail_tax><id_order_detail>391</id_order_detail><id_tax>1</id_tax><unit_amount>1.420000</unit_amount><total_amount>2.840000</total_amount></order_detail_tax><order_detail_tax><id_order_detail>392</id_order_detail><id_tax>1</id_tax><unit_amount>3.600000</unit_amount><total_amount>28.800000</total_amount></order_detail_tax><order_detail_tax><id_order_detail>400</id_order_detail><id_tax>1</id_tax><unit_amount>0.870000</unit_amount><total_amount>69.600000</total_amount></order_detail_tax><order_detail_tax><id_order_detail>401</id_order_detail><id_tax>1</id_tax><unit_amount>0.870000</unit_amount><total_amount>69.600000</total_amount></order_detail_tax><order_detail_tax><id_order_detail>430</id_order_detail><id_tax>1</id_tax><unit_amount>0.630000</unit_amount><total_amount>1.260000</total_amount></order_detail_tax><order_detail_tax><id_order_detail>431</id_order_detail><id_tax>1</id_tax><unit_amount>0.750000</unit_amount><total_amount>3.750000</total_amount></order_detail_tax><order_detail_tax><id_order_detail>432</id_order_detail><id_tax>1</id_tax><unit_amount>1.040000</unit_amount><total_amount>5.200000</total_amount></order_detail_tax><order_detail_tax><id_order_detail>433</id_order_detail><id_tax>1</id_tax><unit_amount>1.200000</unit_amount><total_amount>4.800000</total_amount></order_detail_tax><order_detail_tax><id_order_detail>440</id_order_detail><id_tax>1</id_tax><unit_amount>0.750000</unit_amount><total_amount>3.750000</total_amount></order_detail_tax><order_detail_tax><id_order_detail>441</id_order_detail><id_tax>1</id_tax><unit_amount>1.040000</unit_amount><total_amount>5.200000</total_amount></order_detail_tax><order_detail_tax><id_order_detail>442</id_order_detail><id_tax>1</id_tax><unit_amount>1.200000</unit_amount><total_amount>6.000000</total_amount></order_detail_tax><order_detail_tax><id_order_detail>460</id_order_detail><id_tax>1</id_tax><unit_amount>0.700000</unit_amount><total_amount>4.200000</total_amount></order_detail_tax><order_detail_tax><id_order_detail>461</id_order_detail><id_tax>1</id_tax><unit_amount>0.990000</unit_amount><total_amount>9.900000</total_amount></order_detail_tax><order_detail_tax><id_order_detail>462</id_order_detail><id_tax>1</id_tax><unit_amount>0.990000</unit_amount><total_amount>4.950000</total_amount></order_detail_tax><order_detail_tax><id_order_detail>463</id_order_detail><id_tax>1</id_tax><unit_amount>1.120000</unit_amount><total_amount>5.600000</total_amount></order_detail_tax><order_detail_tax><id_order_detail>464</id_order_detail><id_tax>1</id_tax><unit_amount>0.630000</unit_amount><total_amount>3.150000</total_amount></order_detail_tax><order_detail_tax><id_order_detail>465</id_order_detail><id_tax>1</id_tax><unit_amount>0.630000</unit_amount><total_amount>3.150000</total_amount></order_detail_tax><order_detail_tax><id_order_detail>466</id_order_detail><id_tax>1</id_tax><unit_amount>1.040000</unit_amount><total_amount>4.160000</total_amount></order_detail_tax><order_detail_tax><id_order_detail>467</id_order_detail><id_tax>1</id_tax><unit_amount>1.040000</unit_amount><total_amount>7.280000</total_amount></order_detail_tax><order_detail_tax><id_order_detail>468</id_order_detail><id_tax>1</id_tax><unit_amount>1.120000</unit_amount><total_amount>5.600000</total_amount></order_detail_tax><order_detail_tax><id_order_detail>469</id_order_detail><id_tax>1</id_tax><unit_amount>1.120000</unit_amount><total_amount>5.600000</total_amount></order_detail_tax><order_detail_tax><id_order_detail>470</id_order_detail><id_tax>1</id_tax><unit_amount>1.120000</unit_amount><total_amount>5.600000</total_amount></order_detail_tax><order_detail_tax><id_order_detail>471</id_order_detail><id_tax>1</id_tax><unit_amount>1.120000</unit_amount><total_amount>5.600000</total_amount></order_detail_tax><order_detail_tax><id_order_detail>472</id_order_detail><id_tax>1</id_tax><unit_amount>1.160000</unit_amount><total_amount>5.800000</total_amount></order_detail_tax><order_detail_tax><id_order_detail>473</id_order_detail><id_tax>1</id_tax><unit_amount>1.160000</unit_amount><total_amount>5.800000</total_amount></order_detail_tax><order_detail_tax><id_order_detail>501</id_order_detail><id_tax>1</id_tax><unit_amount>0.860000</unit_amount><total_amount>4.300000</total_amount></order_detail_tax><order_detail_tax><id_order_detail>502</id_order_detail><id_tax>1</id_tax><unit_amount>0.600000</unit_amount><total_amount>6.000000</total_amount></order_detail_tax><order_detail_tax><id_order_detail>503</id_order_detail><id_tax>1</id_tax><unit_amount>1.140000</unit_amount><total_amount>3.420000</total_amount></order_detail_tax><order_detail_tax><id_order_detail>514</id_order_detail><id_tax>1</id_tax><unit_amount>0.700000</unit_amount><total_amount>3.500000</total_amount></order_detail_tax><order_detail_tax><id_order_detail>515</id_order_detail><id_tax>1</id_tax><unit_amount>0.630000</unit_amount><total_amount>3.150000</total_amount></order_detail_tax><order_detail_tax><id_order_detail>516</id_order_detail><id_tax>1</id_tax><unit_amount>0.630000</unit_amount><total_amount>3.150000</total_amount></order_detail_tax><order_detail_tax><id_order_detail>517</id_order_detail><id_tax>1</id_tax><unit_amount>1.040000</unit_amount><total_amount>5.200000</total_amount></order_detail_tax><order_detail_tax><id_order_detail>518</id_order_detail><id_tax>1</id_tax><unit_amount>1.040000</unit_amount><total_amount>5.200000</total_amount></order_detail_tax><order_detail_tax><id_order_detail>519</id_order_detail><id_tax>1</id_tax><unit_amount>1.120000</unit_amount><total_amount>11.200000</total_amount></order_detail_tax><order_detail_tax><id_order_detail>520</id_order_detail><id_tax>1</id_tax><unit_amount>1.120000</unit_amount><total_amount>16.800000</total_amount></order_detail_tax><order_detail_tax><id_order_detail>521</id_order_detail><id_tax>1</id_tax><unit_amount>1.120000</unit_amount><total_amount>5.600000</total_amount></order_detail_tax><order_detail_tax><id_order_detail>522</id_order_detail><id_tax>1</id_tax><unit_amount>0.700000</unit_amount><total_amount>7.000000</total_amount></order_detail_tax><order_detail_tax><id_order_detail>523</id_order_detail><id_tax>1</id_tax><unit_amount>1.120000</unit_amount><total_amount>28.000000</total_amount></order_detail_tax><order_detail_tax><id_order_detail>524</id_order_detail><id_tax>1</id_tax><unit_amount>1.120000</unit_amount><total_amount>28.000000</total_amount></order_detail_tax><order_detail_tax><id_order_detail>525</id_order_detail><id_tax>1</id_tax><unit_amount>1.160000</unit_amount><total_amount>5.800000</total_amount></order_detail_tax><order_detail_tax><id_order_detail>537</id_order_detail><id_tax>1</id_tax><unit_amount>0.820000</unit_amount><total_amount>3.280000</total_amount></order_detail_tax><order_detail_tax><id_order_detail>538</id_order_detail><id_tax>1</id_tax><unit_amount>0.570000</unit_amount><total_amount>2.850000</total_amount></order_detail_tax><order_detail_tax><id_order_detail>539</id_order_detail><id_tax>1</id_tax><unit_amount>0.960000</unit_amount><total_amount>3.840000</total_amount></order_detail_tax><order_detail_tax><id_order_detail>540</id_order_detail><id_tax>1</id_tax><unit_amount>1.130000</unit_amount><total_amount>4.520000</total_amount></order_detail_tax><order_detail_tax><id_order_detail>541</id_order_detail><id_tax>1</id_tax><unit_amount>1.010000</unit_amount><total_amount>4.040000</total_amount></order_detail_tax><order_detail_tax><id_order_detail>586</id_order_detail><id_tax>1</id_tax><unit_amount>3.300000</unit_amount><total_amount>3.300000</total_amount></order_detail_tax><order_detail_tax><id_order_detail>587</id_order_detail><id_tax>1</id_tax><unit_amount>3.300000</unit_amount><total_amount>3.300000</total_amount></order_detail_tax><order_detail_tax><id_order_detail>588</id_order_detail><id_tax>1</id_tax><unit_amount>5.000000</unit_amount><total_amount>5.000000</total_amount></order_detail_tax><order_detail_tax><id_order_detail>593</id_order_detail><id_tax>1</id_tax><unit_amount>0.960000</unit_amount><total_amount>4.800000</total_amount></order_detail_tax><order_detail_tax><id_order_detail>594</id_order_detail><id_tax>1</id_tax><unit_amount>1.130000</unit_amount><total_amount>5.650000</total_amount></order_detail_tax><order_detail_tax><id_order_detail>595</id_order_detail><id_tax>1</id_tax><unit_amount>0.860000</unit_amount><total_amount>51.600000</total_amount></order_detail_tax><order_detail_tax><id_order_detail>596</id_order_detail><id_tax>1</id_tax><unit_amount>1.060000</unit_amount><total_amount>5.300000</total_amount></order_detail_tax><order_detail_tax><id_order_detail>597</id_order_detail><id_tax>1</id_tax><unit_amount>0.920000</unit_amount><total_amount>13.800000</total_amount></order_detail_tax><order_detail_tax><id_order_detail>638</id_order_detail><id_tax>1</id_tax><unit_amount>1.040000</unit_amount><total_amount>10.400000</total_amount></order_detail_tax><order_detail_tax><id_order_detail>639</id_order_detail><id_tax>1</id_tax><unit_amount>0.720000</unit_amount><total_amount>3.600000</total_amount></order_detail_tax><order_detail_tax><id_order_detail>640</id_order_detail><id_tax>1</id_tax><unit_amount>0.990000</unit_amount><total_amount>2.970000</total_amount></order_detail_tax><order_detail_tax><id_order_detail>641</id_order_detail><id_tax>1</id_tax><unit_amount>1.140000</unit_amount><total_amount>5.700000</total_amount></order_detail_tax><order_detail_tax><id_order_detail>642</id_order_detail><id_tax>1</id_tax><unit_amount>1.140000</unit_amount><total_amount>5.700000</total_amount></order_detail_tax><order_detail_tax><id_order_detail>651</id_order_detail><id_tax>1</id_tax><unit_amount>0.720000</unit_amount><total_amount>5.760000</total_amount></order_detail_tax><order_detail_tax><id_order_detail>652</id_order_detail><id_tax>1</id_tax><unit_amount>0.600000</unit_amount><total_amount>6.000000</total_amount></order_detail_tax><order_detail_tax><id_order_detail>680</id_order_detail><id_tax>1</id_tax><unit_amount>0.960000</unit_amount><total_amount>4.800000</total_amount></order_detail_tax><order_detail_tax><id_order_detail>681</id_order_detail><id_tax>1</id_tax><unit_amount>1.130000</unit_amount><total_amount>5.650000</total_amount></order_detail_tax><order_detail_tax><id_order_detail>692</id_order_detail><id_tax>1</id_tax><unit_amount>0.860000</unit_amount><total_amount>4.300000</total_amount></order_detail_tax><order_detail_tax><id_order_detail>693</id_order_detail><id_tax>1</id_tax><unit_amount>1.060000</unit_amount><total_amount>5.300000</total_amount></order_detail_tax><order_detail_tax><id_order_detail>694</id_order_detail><id_tax>1</id_tax><unit_amount>1.060000</unit_amount><total_amount>5.300000</total_amount></order_detail_tax><order_detail_tax><id_order_detail>695</id_order_detail><id_tax>1</id_tax><unit_amount>0.600000</unit_amount><total_amount>6.000000</total_amount></order_detail_tax><order_detail_tax><id_order_detail>696</id_order_detail><id_tax>1</id_tax><unit_amount>0.860000</unit_amount><total_amount>4.300000</total_amount></order_detail_tax><order_detail_tax><id_order_detail>697</id_order_detail><id_tax>1</id_tax><unit_amount>0.820000</unit_amount><total_amount>3.280000</total_amount></order_detail_tax><order_detail_tax><id_order_detail>698</id_order_detail><id_tax>1</id_tax><unit_amount>0.570000</unit_amount><total_amount>2.850000</total_amount></order_detail_tax><order_detail_tax><id_order_detail>699</id_order_detail><id_tax>1</id_tax><unit_amount>0.960000</unit_amount><total_amount>3.840000</total_amount></order_detail_tax><order_detail_tax><id_order_detail>700</id_order_detail><id_tax>1</id_tax><unit_amount>1.130000</unit_amount><total_amount>4.520000</total_amount></order_detail_tax><order_detail_tax><id_order_detail>713</id_order_detail><id_tax>1</id_tax><unit_amount>0.570000</unit_amount><total_amount>5.700000</total_amount></order_detail_tax><order_detail_tax><id_order_detail>714</id_order_detail><id_tax>1</id_tax><unit_amount>0.720000</unit_amount><total_amount>3.600000</total_amount></order_detail_tax><order_detail_tax><id_order_detail>725</id_order_detail><id_tax>1</id_tax><unit_amount>0.570000</unit_amount><total_amount>2.850000</total_amount></order_detail_tax><order_detail_tax><id_order_detail>726</id_order_detail><id_tax>1</id_tax><unit_amount>0.720000</unit_amount><total_amount>3.600000</total_amount></order_detail_tax><order_detail_tax><id_order_detail>727</id_order_detail><id_tax>1</id_tax><unit_amount>0.960000</unit_amount><total_amount>4.800000</total_amount></order_detail_tax><order_detail_tax><id_order_detail>728</id_order_detail><id_tax>1</id_tax><unit_amount>1.130000</unit_amount><total_amount>5.650000</total_amount></order_detail_tax><order_detail_tax><id_order_detail>740</id_order_detail><id_tax>1</id_tax><unit_amount>0.700000</unit_amount><total_amount>7.000000</total_amount></order_detail_tax><order_detail_tax><id_order_detail>741</id_order_detail><id_tax>1</id_tax><unit_amount>1.120000</unit_amount><total_amount>11.200000</total_amount></order_detail_tax><order_detail_tax><id_order_detail>742</id_order_detail><id_tax>1</id_tax><unit_amount>0.630000</unit_amount><total_amount>3.150000</total_amount></order_detail_tax><order_detail_tax><id_order_detail>743</id_order_detail><id_tax>1</id_tax><unit_amount>1.040000</unit_amount><total_amount>5.200000</total_amount></order_detail_tax><order_detail_tax><id_order_detail>745</id_order_detail><id_tax>1</id_tax><unit_amount>4.320000</unit_amount><total_amount>8.640000</total_amount></order_detail_tax><order_detail_tax><id_order_detail>749</id_order_detail><id_tax>1</id_tax><unit_amount>0.720000</unit_amount><total_amount>5.760000</total_amount></order_detail_tax><order_detail_tax><id_order_detail>750</id_order_detail><id_tax>1</id_tax><unit_amount>1.140000</unit_amount><total_amount>2.280000</total_amount></order_detail_tax><order_detail_tax><id_order_detail>751</id_order_detail><id_tax>1</id_tax><unit_amount>1.140000</unit_amount><total_amount>2.280000</total_amount></order_detail_tax><order_detail_tax><id_order_detail>752</id_order_detail><id_tax>1</id_tax><unit_amount>0.700000</unit_amount><total_amount>7.000000</total_amount></order_detail_tax><order_detail_tax><id_order_detail>753</id_order_detail><id_tax>1</id_tax><unit_amount>0.990000</unit_amount><total_amount>4.950000</total_amount></order_detail_tax><order_detail_tax><id_order_detail>754</id_order_detail><id_tax>1</id_tax><unit_amount>0.990000</unit_amount><total_amount>9.900000</total_amount></order_detail_tax><order_detail_tax><id_order_detail>755</id_order_detail><id_tax>1</id_tax><unit_amount>1.120000</unit_amount><total_amount>4.480000</total_amount></order_detail_tax><order_detail_tax><id_order_detail>756</id_order_detail><id_tax>1</id_tax><unit_amount>1.040000</unit_amount><total_amount>3.120000</total_amount></order_detail_tax><order_detail_tax><id_order_detail>757</id_order_detail><id_tax>1</id_tax><unit_amount>1.040000</unit_amount><total_amount>2.080000</total_amount></order_detail_tax><order_detail_tax><id_order_detail>758</id_order_detail><id_tax>1</id_tax><unit_amount>1.120000</unit_amount><total_amount>4.480000</total_amount></order_detail_tax><order_detail_tax><id_order_detail>778</id_order_detail><id_tax>1</id_tax><unit_amount>1.120000</unit_amount><total_amount>1.120000</total_amount></order_detail_tax><order_detail_tax><id_order_detail>779</id_order_detail><id_tax>1</id_tax><unit_amount>1.120000</unit_amount><total_amount>4.480000</total_amount></order_detail_tax><order_detail_tax><id_order_detail>780</id_order_detail><id_tax>1</id_tax><unit_amount>1.120000</unit_amount><total_amount>3.360000</total_amount></order_detail_tax><order_detail_tax><id_order_detail>819</id_order_detail><id_tax>1</id_tax><unit_amount>0.860000</unit_amount><total_amount>4.300000</total_amount></order_detail_tax><order_detail_tax><id_order_detail>820</id_order_detail><id_tax>1</id_tax><unit_amount>1.060000</unit_amount><total_amount>4.240000</total_amount></order_detail_tax><order_detail_tax><id_order_detail>822</id_order_detail><id_tax>1</id_tax><unit_amount>0.870000</unit_amount><total_amount>2.610000</total_amount></order_detail_tax><order_detail_tax><id_order_detail>823</id_order_detail><id_tax>1</id_tax><unit_amount>0.860000</unit_amount><total_amount>3.440000</total_amount></order_detail_tax><order_detail_tax><id_order_detail>835</id_order_detail><id_tax>1</id_tax><unit_amount>0.720000</unit_amount><total_amount>7.200000</total_amount></order_detail_tax><order_detail_tax><id_order_detail>836</id_order_detail><id_tax>1</id_tax><unit_amount>0.960000</unit_amount><total_amount>4.800000</total_amount></order_detail_tax><order_detail_tax><id_order_detail>841</id_order_detail><id_tax>1</id_tax><unit_amount>0.960000</unit_amount><total_amount>1.920000</total_amount></order_detail_tax><order_detail_tax><id_order_detail>842</id_order_detail><id_tax>1</id_tax><unit_amount>1.010000</unit_amount><total_amount>5.050000</total_amount></order_detail_tax><order_detail_tax><id_order_detail>843</id_order_detail><id_tax>1</id_tax><unit_amount>1.010000</unit_amount><total_amount>5.050000</total_amount></order_detail_tax><order_detail_tax><id_order_detail>898</id_order_detail><id_tax>1</id_tax><unit_amount>1.060000</unit_amount><total_amount>2.120000</total_amount></order_detail_tax><order_detail_tax><id_order_detail>899</id_order_detail><id_tax>1</id_tax><unit_amount>1.060000</unit_amount><total_amount>5.300000</total_amount></order_detail_tax><order_detail_tax><id_order_detail>901</id_order_detail><id_tax>1</id_tax><unit_amount>1.140000</unit_amount><total_amount>4.560000</total_amount></order_detail_tax><order_detail_tax><id_order_detail>902</id_order_detail><id_tax>1</id_tax><unit_amount>0.920000</unit_amount><total_amount>2.760000</total_amount></order_detail_tax><order_detail_tax><id_order_detail>903</id_order_detail><id_tax>1</id_tax><unit_amount>0.790000</unit_amount><total_amount>3.950000</total_amount></order_detail_tax><order_detail_tax><id_order_detail>904</id_order_detail><id_tax>1</id_tax><unit_amount>0.790000</unit_amount><total_amount>3.950000</total_amount></order_detail_tax><order_detail_tax><id_order_detail>905</id_order_detail><id_tax>1</id_tax><unit_amount>0.700000</unit_amount><total_amount>7.000000</total_amount></order_detail_tax><order_detail_tax><id_order_detail>906</id_order_detail><id_tax>1</id_tax><unit_amount>0.990000</unit_amount><total_amount>9.900000</total_amount></order_detail_tax><order_detail_tax><id_order_detail>907</id_order_detail><id_tax>1</id_tax><unit_amount>1.120000</unit_amount><total_amount>16.800000</total_amount></order_detail_tax><order_detail_tax><id_order_detail>908</id_order_detail><id_tax>1</id_tax><unit_amount>1.040000</unit_amount><total_amount>2.080000</total_amount></order_detail_tax><order_detail_tax><id_order_detail>954</id_order_detail><id_tax>1</id_tax><unit_amount>0.750000</unit_amount><total_amount>1.500000</total_amount></order_detail_tax><order_detail_tax><id_order_detail>955</id_order_detail><id_tax>1</id_tax><unit_amount>1.040000</unit_amount><total_amount>2.080000</total_amount></order_detail_tax><order_detail_tax><id_order_detail>956</id_order_detail><id_tax>1</id_tax><unit_amount>1.200000</unit_amount><total_amount>2.400000</total_amount></order_detail_tax><order_detail_tax><id_order_detail>957</id_order_detail><id_tax>1</id_tax><unit_amount>1.120000</unit_amount><total_amount>2.240000</total_amount></order_detail_tax><order_detail_tax><id_order_detail>958</id_order_detail><id_tax>1</id_tax><unit_amount>0.980000</unit_amount><total_amount>3.920000</total_amount></order_detail_tax><order_detail_tax><id_order_detail>959</id_order_detail><id_tax>1</id_tax><unit_amount>0.620000</unit_amount><total_amount>0.620000</total_amount></order_detail_tax><order_detail_tax><id_order_detail>962</id_order_detail><id_tax>1</id_tax><unit_amount>0.750000</unit_amount><total_amount>7.500000</total_amount></order_detail_tax><order_detail_tax><id_order_detail>963</id_order_detail><id_tax>1</id_tax><unit_amount>1.040000</unit_amount><total_amount>10.400000</total_amount></order_detail_tax><order_detail_tax><id_order_detail>964</id_order_detail><id_tax>1</id_tax><unit_amount>1.200000</unit_amount><total_amount>12.000000</total_amount></order_detail_tax><order_detail_tax><id_order_detail>965</id_order_detail><id_tax>1</id_tax><unit_amount>0.960000</unit_amount><total_amount>9.600000</total_amount></order_detail_tax><order_detail_tax><id_order_detail>966</id_order_detail><id_tax>1</id_tax><unit_amount>0.720000</unit_amount><total_amount>3.600000</total_amount></order_detail_tax><order_detail_tax><id_order_detail>967</id_order_detail><id_tax>1</id_tax><unit_amount>0.960000</unit_amount><total_amount>4.800000</total_amount></order_detail_tax><order_detail_tax><id_order_detail>968</id_order_detail><id_tax>1</id_tax><unit_amount>1.130000</unit_amount><total_amount>5.650000</total_amount></order_detail_tax><order_detail_tax><id_order_detail>969</id_order_detail><id_tax>1</id_tax><unit_amount>0.920000</unit_amount><total_amount>5.520000</total_amount></order_detail_tax><order_detail_tax><id_order_detail>970</id_order_detail><id_tax>1</id_tax><unit_amount>0.900000</unit_amount><total_amount>5.400000</total_amount></order_detail_tax><order_detail_tax><id_order_detail>992</id_order_detail><id_tax>1</id_tax><unit_amount>0.630000</unit_amount><total_amount>3.150000</total_amount></order_detail_tax><order_detail_tax><id_order_detail>993</id_order_detail><id_tax>1</id_tax><unit_amount>0.630000</unit_amount><total_amount>3.150000</total_amount></order_detail_tax><order_detail_tax><id_order_detail>994</id_order_detail><id_tax>1</id_tax><unit_amount>0.750000</unit_amount><total_amount>3.750000</total_amount></order_detail_tax><order_detail_tax><id_order_detail>995</id_order_detail><id_tax>1</id_tax><unit_amount>0.750000</unit_amount><total_amount>3.750000</total_amount></order_detail_tax><order_detail_tax><id_order_detail>996</id_order_detail><id_tax>1</id_tax><unit_amount>0.630000</unit_amount><total_amount>3.150000</total_amount></order_detail_tax><order_detail_tax><id_order_detail>997</id_order_detail><id_tax>1</id_tax><unit_amount>0.630000</unit_amount><total_amount>3.150000</total_amount></order_detail_tax><order_detail_tax><id_order_detail>998</id_order_detail><id_tax>1</id_tax><unit_amount>0.750000</unit_amount><total_amount>3.750000</total_amount></order_detail_tax><order_detail_tax><id_order_detail>999</id_order_detail><id_tax>1</id_tax><unit_amount>0.750000</unit_amount><total_amount>3.750000</total_amount></order_detail_tax><order_detail_tax><id_order_detail>1000</id_order_detail><id_tax>1</id_tax><unit_amount>1.040000</unit_amount><total_amount>5.200000</total_amount></order_detail_tax><order_detail_tax><id_order_detail>1001</id_order_detail><id_tax>1</id_tax><unit_amount>1.040000</unit_amount><total_amount>5.200000</total_amount></order_detail_tax><order_detail_tax><id_order_detail>1002</id_order_detail><id_tax>1</id_tax><unit_amount>1.200000</unit_amount><total_amount>6.000000</total_amount></order_detail_tax><order_detail_tax><id_order_detail>1003</id_order_detail><id_tax>1</id_tax><unit_amount>1.200000</unit_amount><total_amount>6.000000</total_amount></order_detail_tax><order_detail_tax><id_order_detail>1004</id_order_detail><id_tax>1</id_tax><unit_amount>0.900000</unit_amount><total_amount>4.500000</total_amount></order_detail_tax><order_detail_tax><id_order_detail>1005</id_order_detail><id_tax>1</id_tax><unit_amount>0.900000</unit_amount><total_amount>4.500000</total_amount></order_detail_tax><order_detail_tax><id_order_detail>1010</id_order_detail><id_tax>1</id_tax><unit_amount>0.570000</unit_amount><total_amount>2.280000</total_amount></order_detail_tax><order_detail_tax><id_order_detail>1011</id_order_detail><id_tax>1</id_tax><unit_amount>0.720000</unit_amount><total_amount>7.200000</total_amount></order_detail_tax><order_detail_tax><id_order_detail>1012</id_order_detail><id_tax>1</id_tax><unit_amount>0.960000</unit_amount><total_amount>4.800000</total_amount></order_detail_tax><order_detail_tax><id_order_detail>1052</id_order_detail><id_tax>1</id_tax><unit_amount>0.700000</unit_amount><total_amount>10.500000</total_amount></order_detail_tax><order_detail_tax><id_order_detail>1054</id_order_detail><id_tax>1</id_tax><unit_amount>0.720000</unit_amount><total_amount>10.800000</total_amount></order_detail_tax><order_detail_tax><id_order_detail>1061</id_order_detail><id_tax>1</id_tax><unit_amount>0.630000</unit_amount><total_amount>6.300000</total_amount></order_detail_tax><order_detail_tax><id_order_detail>1062</id_order_detail><id_tax>1</id_tax><unit_amount>0.740000</unit_amount><total_amount>7.400000</total_amount></order_detail_tax><order_detail_tax><id_order_detail>1063</id_order_detail><id_tax>1</id_tax><unit_amount>0.890000</unit_amount><total_amount>4.450000</total_amount></order_detail_tax><order_detail_tax><id_order_detail>1068</id_order_detail><id_tax>1</id_tax><unit_amount>0.700000</unit_amount><total_amount>3.500000</total_amount></order_detail_tax><order_detail_tax><id_order_detail>1069</id_order_detail><id_tax>1</id_tax><unit_amount>0.940000</unit_amount><total_amount>4.700000</total_amount></order_detail_tax><order_detail_tax><id_order_detail>1070</id_order_detail><id_tax>1</id_tax><unit_amount>0.940000</unit_amount><total_amount>4.700000</total_amount></order_detail_tax><order_detail_tax><id_order_detail>1071</id_order_detail><id_tax>1</id_tax><unit_amount>0.990000</unit_amount><total_amount>19.800000</total_amount></order_detail_tax><order_detail_tax><id_order_detail>1072</id_order_detail><id_tax>1</id_tax><unit_amount>1.200000</unit_amount><total_amount>6.000000</total_amount></order_detail_tax><order_detail_tax><id_order_detail>1073</id_order_detail><id_tax>1</id_tax><unit_amount>1.200000</unit_amount><total_amount>6.000000</total_amount></order_detail_tax><order_detail_tax><id_order_detail>1088</id_order_detail><id_tax>1</id_tax><unit_amount>0.700000</unit_amount><total_amount>3.500000</total_amount></order_detail_tax><order_detail_tax><id_order_detail>1089</id_order_detail><id_tax>1</id_tax><unit_amount>0.880000</unit_amount><total_amount>4.400000</total_amount></order_detail_tax><order_detail_tax><id_order_detail>1090</id_order_detail><id_tax>1</id_tax><unit_amount>4.040000</unit_amount><total_amount>8.080000</total_amount></order_detail_tax><order_detail_tax><id_order_detail>1094</id_order_detail><id_tax>1</id_tax><unit_amount>0.490000</unit_amount><total_amount>2.450000</total_amount></order_detail_tax><order_detail_tax><id_order_detail>1095</id_order_detail><id_tax>1</id_tax><unit_amount>0.880000</unit_amount><total_amount>4.400000</total_amount></order_detail_tax><order_detail_tax><id_order_detail>1096</id_order_detail><id_tax>1</id_tax><unit_amount>1.120000</unit_amount><total_amount>1.120000</total_amount></order_detail_tax><order_detail_tax><id_order_detail>1097</id_order_detail><id_tax>1</id_tax><unit_amount>2.020000</unit_amount><total_amount>2.020000</total_amount></order_detail_tax><order_detail_tax><id_order_detail>1100</id_order_detail><id_tax>1</id_tax><unit_amount>0.700000</unit_amount><total_amount>10.500000</total_amount></order_detail_tax><order_detail_tax><id_order_detail>1110</id_order_detail><id_tax>1</id_tax><unit_amount>0.740000</unit_amount><total_amount>2.220000</total_amount></order_detail_tax><order_detail_tax><id_order_detail>1111</id_order_detail><id_tax>1</id_tax><unit_amount>0.760000</unit_amount><total_amount>3.040000</total_amount></order_detail_tax><order_detail_tax><id_order_detail>1112</id_order_detail><id_tax>1</id_tax><unit_amount>0.830000</unit_amount><total_amount>3.320000</total_amount></order_detail_tax><order_detail_tax><id_order_detail>1113</id_order_detail><id_tax>1</id_tax><unit_amount>0.580000</unit_amount><total_amount>1.160000</total_amount></order_detail_tax><order_detail_tax><id_order_detail>1114</id_order_detail><id_tax>1</id_tax><unit_amount>0.990000</unit_amount><total_amount>6.930000</total_amount></order_detail_tax><order_detail_tax><id_order_detail>1115</id_order_detail><id_tax>1</id_tax><unit_amount>1.170000</unit_amount><total_amount>11.700000</total_amount></order_detail_tax><order_detail_tax><id_order_detail>1140</id_order_detail><id_tax>1</id_tax><unit_amount>0.700000</unit_amount><total_amount>3.500000</total_amount></order_detail_tax><order_detail_tax><id_order_detail>1141</id_order_detail><id_tax>1</id_tax><unit_amount>0.700000</unit_amount><total_amount>7.000000</total_amount></order_detail_tax><order_detail_tax><id_order_detail>1142</id_order_detail><id_tax>1</id_tax><unit_amount>0.940000</unit_amount><total_amount>9.400000</total_amount></order_detail_tax><order_detail_tax><id_order_detail>1143</id_order_detail><id_tax>1</id_tax><unit_amount>0.940000</unit_amount><total_amount>9.400000</total_amount></order_detail_tax><order_detail_tax><id_order_detail>1144</id_order_detail><id_tax>1</id_tax><unit_amount>1.040000</unit_amount><total_amount>5.200000</total_amount></order_detail_tax><order_detail_tax><id_order_detail>1148</id_order_detail><id_tax>1</id_tax><unit_amount>0.940000</unit_amount><total_amount>9.400000</total_amount></order_detail_tax><order_detail_tax><id_order_detail>1149</id_order_detail><id_tax>1</id_tax><unit_amount>0.940000</unit_amount><total_amount>9.400000</total_amount></order_detail_tax><order_detail_tax><id_order_detail>1154</id_order_detail><id_tax>1</id_tax><unit_amount>0.700000</unit_amount><total_amount>7.000000</total_amount></order_detail_tax><order_detail_tax><id_order_detail>1155</id_order_detail><id_tax>1</id_tax><unit_amount>0.940000</unit_amount><total_amount>4.700000</total_amount></order_detail_tax><order_detail_tax><id_order_detail>1156</id_order_detail><id_tax>1</id_tax><unit_amount>0.630000</unit_amount><total_amount>6.300000</total_amount></order_detail_tax><order_detail_tax><id_order_detail>1157</id_order_detail><id_tax>1</id_tax><unit_amount>1.040000</unit_amount><total_amount>10.400000</total_amount></order_detail_tax><order_detail_tax><id_order_detail>1158</id_order_detail><id_tax>1</id_tax><unit_amount>1.200000</unit_amount><total_amount>6.000000</total_amount></order_detail_tax><order_detail_tax><id_order_detail>1159</id_order_detail><id_tax>1</id_tax><unit_amount>1.200000</unit_amount><total_amount>6.000000</total_amount></order_detail_tax><order_detail_tax><id_order_detail>1160</id_order_detail><id_tax>1</id_tax><unit_amount>0.720000</unit_amount><total_amount>1.440000</total_amount></order_detail_tax><order_detail_tax><id_order_detail>1161</id_order_detail><id_tax>1</id_tax><unit_amount>0.810000</unit_amount><total_amount>1.620000</total_amount></order_detail_tax><order_detail_tax><id_order_detail>1163</id_order_detail><id_tax>1</id_tax><unit_amount>1.050000</unit_amount><total_amount>2.100000</total_amount></order_detail_tax><order_detail_tax><id_order_detail>1164</id_order_detail><id_tax>1</id_tax><unit_amount>1.050000</unit_amount><total_amount>2.100000</total_amount></order_detail_tax><order_detail_tax><id_order_detail>1165</id_order_detail><id_tax>1</id_tax><unit_amount>0.570000</unit_amount><total_amount>1.710000</total_amount></order_detail_tax><order_detail_tax><id_order_detail>1166</id_order_detail><id_tax>1</id_tax><unit_amount>0.720000</unit_amount><total_amount>1.440000</total_amount></order_detail_tax><order_detail_tax><id_order_detail>1167</id_order_detail><id_tax>1</id_tax><unit_amount>0.720000</unit_amount><total_amount>1.440000</total_amount></order_detail_tax><order_detail_tax><id_order_detail>1168</id_order_detail><id_tax>1</id_tax><unit_amount>0.960000</unit_amount><total_amount>1.920000</total_amount></order_detail_tax><order_detail_tax><id_order_detail>1169</id_order_detail><id_tax>1</id_tax><unit_amount>0.960000</unit_amount><total_amount>1.920000</total_amount></order_detail_tax><order_detail_tax><id_order_detail>1170</id_order_detail><id_tax>1</id_tax><unit_amount>1.130000</unit_amount><total_amount>2.260000</total_amount></order_detail_tax><order_detail_tax><id_order_detail>1171</id_order_detail><id_tax>1</id_tax><unit_amount>0.920000</unit_amount><total_amount>2.760000</total_amount></order_detail_tax><order_detail_tax><id_order_detail>1172</id_order_detail><id_tax>1</id_tax><unit_amount>2.600000</unit_amount><total_amount>13.000000</total_amount></order_detail_tax><order_detail_tax><id_order_detail>1173</id_order_detail><id_tax>1</id_tax><unit_amount>9.190000</unit_amount><total_amount>18.380000</total_amount></order_detail_tax><order_detail_tax><id_order_detail>1175</id_order_detail><id_tax>1</id_tax><unit_amount>0.640000</unit_amount><total_amount>6.400000</total_amount></order_detail_tax><order_detail_tax><id_order_detail>1176</id_order_detail><id_tax>1</id_tax><unit_amount>0.760000</unit_amount><total_amount>2.280000</total_amount></order_detail_tax><order_detail_tax><id_order_detail>1178</id_order_detail><id_tax>1</id_tax><unit_amount>0.740000</unit_amount><total_amount>1.480000</total_amount></order_detail_tax><order_detail_tax><id_order_detail>1179</id_order_detail><id_tax>1</id_tax><unit_amount>0.990000</unit_amount><total_amount>2.970000</total_amount></order_detail_tax><order_detail_tax><id_order_detail>1180</id_order_detail><id_tax>1</id_tax><unit_amount>0.990000</unit_amount><total_amount>1.980000</total_amount></order_detail_tax><order_detail_tax><id_order_detail>1181</id_order_detail><id_tax>1</id_tax><unit_amount>1.170000</unit_amount><total_amount>3.510000</total_amount></order_detail_tax><order_detail_tax><id_order_detail>1182</id_order_detail><id_tax>1</id_tax><unit_amount>1.170000</unit_amount><total_amount>3.510000</total_amount></order_detail_tax><order_detail_tax><id_order_detail>1183</id_order_detail><id_tax>1</id_tax><unit_amount>1.650000</unit_amount><total_amount>3.300000</total_amount></order_detail_tax><order_detail_tax><id_order_detail>1184</id_order_detail><id_tax>1</id_tax><unit_amount>3.500000</unit_amount><total_amount>3.500000</total_amount></order_detail_tax><order_detail_tax><id_order_detail>1185</id_order_detail><id_tax>1</id_tax><unit_amount>0.630000</unit_amount><total_amount>6.300000</total_amount></order_detail_tax><order_detail_tax><id_order_detail>1186</id_order_detail><id_tax>1</id_tax><unit_amount>0.640000</unit_amount><total_amount>3.200000</total_amount></order_detail_tax><order_detail_tax><id_order_detail>1187</id_order_detail><id_tax>1</id_tax><unit_amount>3.800000</unit_amount><total_amount>15.200000</total_amount></order_detail_tax><order_detail_tax><id_order_detail>1188</id_order_detail><id_tax>1</id_tax><unit_amount>0.750000</unit_amount><total_amount>3.750000</total_amount></order_detail_tax><order_detail_tax><id_order_detail>1189</id_order_detail><id_tax>1</id_tax><unit_amount>1.040000</unit_amount><total_amount>5.200000</total_amount></order_detail_tax><order_detail_tax><id_order_detail>1190</id_order_detail><id_tax>1</id_tax><unit_amount>1.200000</unit_amount><total_amount>6.000000</total_amount></order_detail_tax><order_detail_tax><id_order_detail>1191</id_order_detail><id_tax>1</id_tax><unit_amount>0.720000</unit_amount><total_amount>8.640000</total_amount></order_detail_tax><order_detail_tax><id_order_detail>1192</id_order_detail><id_tax>1</id_tax><unit_amount>0.630000</unit_amount><total_amount>25.200000</total_amount></order_detail_tax><order_detail_tax><id_order_detail>1193</id_order_detail><id_tax>1</id_tax><unit_amount>0.690000</unit_amount><total_amount>27.600000</total_amount></order_detail_tax><order_detail_tax><id_order_detail>1194</id_order_detail><id_tax>1</id_tax><unit_amount>0.690000</unit_amount><total_amount>27.600000</total_amount></order_detail_tax><order_detail_tax><id_order_detail>1196</id_order_detail><id_tax>1</id_tax><unit_amount>0.680000</unit_amount><total_amount>10.200000</total_amount></order_detail_tax><order_detail_tax><id_order_detail>1197</id_order_detail><id_tax>1</id_tax><unit_amount>0.870000</unit_amount><total_amount>4.350000</total_amount></order_detail_tax><order_detail_tax><id_order_detail>1198</id_order_detail><id_tax>1</id_tax><unit_amount>0.680000</unit_amount><total_amount>6.800000</total_amount></order_detail_tax><order_detail_tax><id_order_detail>1199</id_order_detail><id_tax>1</id_tax><unit_amount>1.120000</unit_amount><total_amount>4.480000</total_amount></order_detail_tax><order_detail_tax><id_order_detail>1200</id_order_detail><id_tax>1</id_tax><unit_amount>2.020000</unit_amount><total_amount>8.080000</total_amount></order_detail_tax><order_detail_tax><id_order_detail>1201</id_order_detail><id_tax>1</id_tax><unit_amount>0.080000</unit_amount><total_amount>1.600000</total_amount></order_detail_tax><order_detail_tax><id_order_detail>1203</id_order_detail><id_tax>1</id_tax><unit_amount>1.160000</unit_amount><total_amount>5.800000</total_amount></order_detail_tax><order_detail_tax><id_order_detail>1204</id_order_detail><id_tax>1</id_tax><unit_amount>1.160000</unit_amount><total_amount>5.800000</total_amount></order_detail_tax><order_detail_tax><id_order_detail>1205</id_order_detail><id_tax>1</id_tax><unit_amount>0.630000</unit_amount><total_amount>6.300000</total_amount></order_detail_tax><order_detail_tax><id_order_detail>1206</id_order_detail><id_tax>1</id_tax><unit_amount>0.630000</unit_amount><total_amount>6.300000</total_amount></order_detail_tax><order_detail_tax><id_order_detail>1207</id_order_detail><id_tax>1</id_tax><unit_amount>0.690000</unit_amount><total_amount>6.900000</total_amount></order_detail_tax><order_detail_tax><id_order_detail>1208</id_order_detail><id_tax>1</id_tax><unit_amount>0.690000</unit_amount><total_amount>6.900000</total_amount></order_detail_tax><order_detail_tax><id_order_detail>1209</id_order_detail><id_tax>1</id_tax><unit_amount>0.630000</unit_amount><total_amount>6.300000</total_amount></order_detail_tax><order_detail_tax><id_order_detail>1210</id_order_detail><id_tax>1</id_tax><unit_amount>1.040000</unit_amount><total_amount>10.400000</total_amount></order_detail_tax><order_detail_tax><id_order_detail>1211</id_order_detail><id_tax>1</id_tax><unit_amount>0.580000</unit_amount><total_amount>0.580000</total_amount></order_detail_tax><order_detail_tax><id_order_detail>1212</id_order_detail><id_tax>1</id_tax><unit_amount>0.680000</unit_amount><total_amount>0.680000</total_amount></order_detail_tax><order_detail_tax><id_order_detail>1213</id_order_detail><id_tax>1</id_tax><unit_amount>0.630000</unit_amount><total_amount>0.630000</total_amount></order_detail_tax><order_detail_tax><id_order_detail>1214</id_order_detail><id_tax>1</id_tax><unit_amount>0.530000</unit_amount><total_amount>1.060000</total_amount></order_detail_tax><order_detail_tax><id_order_detail>1215</id_order_detail><id_tax>1</id_tax><unit_amount>0.530000</unit_amount><total_amount>1.060000</total_amount></order_detail_tax><order_detail_tax><id_order_detail>1216</id_order_detail><id_tax>1</id_tax><unit_amount>0.910000</unit_amount><total_amount>0.910000</total_amount></order_detail_tax><order_detail_tax><id_order_detail>1217</id_order_detail><id_tax>1</id_tax><unit_amount>1.070000</unit_amount><total_amount>1.070000</total_amount></order_detail_tax><order_detail_tax><id_order_detail>1218</id_order_detail><id_tax>1</id_tax><unit_amount>1.070000</unit_amount><total_amount>4.280000</total_amount></order_detail_tax><order_detail_tax><id_order_detail>1219</id_order_detail><id_tax>1</id_tax><unit_amount>2.600000</unit_amount><total_amount>2.600000</total_amount></order_detail_tax><order_detail_tax><id_order_detail>1220</id_order_detail><id_tax>1</id_tax><unit_amount>1.460000</unit_amount><total_amount>1.460000</total_amount></order_detail_tax><order_detail_tax><id_order_detail>1221</id_order_detail><id_tax>1</id_tax><unit_amount>0.870000</unit_amount><total_amount>0.870000</total_amount></order_detail_tax><order_detail_tax><id_order_detail>1222</id_order_detail><id_tax>1</id_tax><unit_amount>0.830000</unit_amount><total_amount>8.300000</total_amount></order_detail_tax><order_detail_tax><id_order_detail>1223</id_order_detail><id_tax>1</id_tax><unit_amount>0.830000</unit_amount><total_amount>8.300000</total_amount></order_detail_tax><order_detail_tax><id_order_detail>1224</id_order_detail><id_tax>1</id_tax><unit_amount>0.960000</unit_amount><total_amount>3.840000</total_amount></order_detail_tax><order_detail_tax><id_order_detail>1225</id_order_detail><id_tax>1</id_tax><unit_amount>0.960000</unit_amount><total_amount>3.840000</total_amount></order_detail_tax><order_detail_tax><id_order_detail>1226</id_order_detail><id_tax>1</id_tax><unit_amount>1.130000</unit_amount><total_amount>4.520000</total_amount></order_detail_tax><order_detail_tax><id_order_detail>1227</id_order_detail><id_tax>1</id_tax><unit_amount>1.130000</unit_amount><total_amount>4.520000</total_amount></order_detail_tax><order_detail_tax><id_order_detail>1228</id_order_detail><id_tax>1</id_tax><unit_amount>0.940000</unit_amount><total_amount>4.700000</total_amount></order_detail_tax><order_detail_tax><id_order_detail>1229</id_order_detail><id_tax>1</id_tax><unit_amount>0.720000</unit_amount><total_amount>7.200000</total_amount></order_detail_tax><order_detail_tax><id_order_detail>1230</id_order_detail><id_tax>1</id_tax><unit_amount>0.960000</unit_amount><total_amount>4.800000</total_amount></order_detail_tax><order_detail_tax><id_order_detail>1231</id_order_detail><id_tax>1</id_tax><unit_amount>1.130000</unit_amount><total_amount>5.650000</total_amount></order_detail_tax><order_detail_tax><id_order_detail>1232</id_order_detail><id_tax>1</id_tax><unit_amount>0.760000</unit_amount><total_amount>3.040000</total_amount></order_detail_tax><order_detail_tax><id_order_detail>1233</id_order_detail><id_tax>1</id_tax><unit_amount>0.630000</unit_amount><total_amount>3.150000</total_amount></order_detail_tax><order_detail_tax><id_order_detail>1234</id_order_detail><id_tax>1</id_tax><unit_amount>0.740000</unit_amount><total_amount>2.220000</total_amount></order_detail_tax><order_detail_tax><id_order_detail>1235</id_order_detail><id_tax>1</id_tax><unit_amount>0.990000</unit_amount><total_amount>2.970000</total_amount></order_detail_tax><order_detail_tax><id_order_detail>1236</id_order_detail><id_tax>1</id_tax><unit_amount>0.990000</unit_amount><total_amount>0.990000</total_amount></order_detail_tax><order_detail_tax><id_order_detail>1237</id_order_detail><id_tax>1</id_tax><unit_amount>1.170000</unit_amount><total_amount>2.340000</total_amount></order_detail_tax><order_detail_tax><id_order_detail>1238</id_order_detail><id_tax>1</id_tax><unit_amount>1.170000</unit_amount><total_amount>1.170000</total_amount></order_detail_tax><order_detail_tax><id_order_detail>1239</id_order_detail><id_tax>1</id_tax><unit_amount>0.630000</unit_amount><total_amount>6.300000</total_amount></order_detail_tax><order_detail_tax><id_order_detail>1240</id_order_detail><id_tax>1</id_tax><unit_amount>0.320000</unit_amount><total_amount>9.600000</total_amount></order_detail_tax><order_detail_tax><id_order_detail>1241</id_order_detail><id_tax>1</id_tax><unit_amount>0.680000</unit_amount><total_amount>13.600000</total_amount></order_detail_tax><order_detail_tax><id_order_detail>1242</id_order_detail><id_tax>1</id_tax><unit_amount>1.120000</unit_amount><total_amount>4.480000</total_amount></order_detail_tax><order_detail_tax><id_order_detail>1243</id_order_detail><id_tax>1</id_tax><unit_amount>1.460000</unit_amount><total_amount>4.380000</total_amount></order_detail_tax><order_detail_tax><id_order_detail>1244</id_order_detail><id_tax>1</id_tax><unit_amount>0.960000</unit_amount><total_amount>9.600000</total_amount></order_detail_tax><order_detail_tax><id_order_detail>1245</id_order_detail><id_tax>1</id_tax><unit_amount>0.630000</unit_amount><total_amount>12.600000</total_amount></order_detail_tax><order_detail_tax><id_order_detail>1246</id_order_detail><id_tax>1</id_tax><unit_amount>0.630000</unit_amount><total_amount>12.600000</total_amount></order_detail_tax><order_detail_tax><id_order_detail>1247</id_order_detail><id_tax>1</id_tax><unit_amount>0.640000</unit_amount><total_amount>6.400000</total_amount></order_detail_tax><order_detail_tax><id_order_detail>1248</id_order_detail><id_tax>1</id_tax><unit_amount>2.020000</unit_amount><total_amount>6.060000</total_amount></order_detail_tax><order_detail_tax><id_order_detail>1249</id_order_detail><id_tax>1</id_tax><unit_amount>1.200000</unit_amount><total_amount>6.000000</total_amount></order_detail_tax><order_detail_tax><id_order_detail>1250</id_order_detail><id_tax>1</id_tax><unit_amount>0.490000</unit_amount><total_amount>4.900000</total_amount></order_detail_tax><order_detail_tax><id_order_detail>1251</id_order_detail><id_tax>1</id_tax><unit_amount>0.880000</unit_amount><total_amount>4.400000</total_amount></order_detail_tax><order_detail_tax><id_order_detail>1252</id_order_detail><id_tax>1</id_tax><unit_amount>0.880000</unit_amount><total_amount>4.400000</total_amount></order_detail_tax><order_detail_tax><id_order_detail>1253</id_order_detail><id_tax>1</id_tax><unit_amount>4.040000</unit_amount><total_amount>4.040000</total_amount></order_detail_tax><order_detail_tax><id_order_detail>1254</id_order_detail><id_tax>1</id_tax><unit_amount>0.760000</unit_amount><total_amount>3.800000</total_amount></order_detail_tax><order_detail_tax><id_order_detail>1255</id_order_detail><id_tax>1</id_tax><unit_amount>0.630000</unit_amount><total_amount>3.150000</total_amount></order_detail_tax><order_detail_tax><id_order_detail>1256</id_order_detail><id_tax>1</id_tax><unit_amount>0.750000</unit_amount><total_amount>3.750000</total_amount></order_detail_tax><order_detail_tax><id_order_detail>1257</id_order_detail><id_tax>1</id_tax><unit_amount>1.040000</unit_amount><total_amount>5.200000</total_amount></order_detail_tax><order_detail_tax><id_order_detail>1258</id_order_detail><id_tax>1</id_tax><unit_amount>0.740000</unit_amount><total_amount>2.960000</total_amount></order_detail_tax><order_detail_tax><id_order_detail>1259</id_order_detail><id_tax>1</id_tax><unit_amount>1.170000</unit_amount><total_amount>2.340000</total_amount></order_detail_tax><order_detail_tax><id_order_detail>1260</id_order_detail><id_tax>1</id_tax><unit_amount>1.170000</unit_amount><total_amount>2.340000</total_amount></order_detail_tax><order_detail_tax><id_order_detail>1261</id_order_detail><id_tax>1</id_tax><unit_amount>0.940000</unit_amount><total_amount>1.880000</total_amount></order_detail_tax><order_detail_tax><id_order_detail>1262</id_order_detail><id_tax>1</id_tax><unit_amount>3.500000</unit_amount><total_amount>3.500000</total_amount></order_detail_tax><order_detail_tax><id_order_detail>1263</id_order_detail><id_tax>1</id_tax><unit_amount>0.320000</unit_amount><total_amount>6.400000</total_amount></order_detail_tax><order_detail_tax><id_order_detail>1264</id_order_detail><id_tax>1</id_tax><unit_amount>0.680000</unit_amount><total_amount>6.800000</total_amount></order_detail_tax><order_detail_tax><id_order_detail>1265</id_order_detail><id_tax>1</id_tax><unit_amount>0.680000</unit_amount><total_amount>6.800000</total_amount></order_detail_tax><order_detail_tax><id_order_detail>1266</id_order_detail><id_tax>1</id_tax><unit_amount>4.040000</unit_amount><total_amount>12.120000</total_amount></order_detail_tax></order_detail_taxs></xml>
