<?xml version="1.0"?>
<xml version="1.0" encoding="utf-8"><category_langs><category_lang><id_category>&lt;![CDATA[2]]&gt;</id_category><id_shop>&lt;![CDATA[1]]&gt;</id_shop><id_lang>&lt;![CDATA[1]]&gt;</id_lang><name>&lt;![CDATA[Home]]&gt;</name><description>&lt;![CDATA[]]&gt;</description><link_rewrite>&lt;![CDATA[home]]&gt;</link_rewrite><meta_title>&lt;![CDATA[]]&gt;</meta_title><meta_keywords>&lt;![CDATA[]]&gt;</meta_keywords><meta_description>&lt;![CDATA[]]&gt;</meta_description></category_lang><category_lang><id_category>&lt;![CDATA[2]]&gt;</id_category><id_shop>&lt;![CDATA[1]]&gt;</id_shop><id_lang>&lt;![CDATA[7]]&gt;</id_lang><name>&lt;![CDATA[Home]]&gt;</name><description>&lt;![CDATA[]]&gt;</description><link_rewrite>&lt;![CDATA[home]]&gt;</link_rewrite><meta_title>&lt;![CDATA[]]&gt;</meta_title><meta_keywords>&lt;![CDATA[]]&gt;</meta_keywords><meta_description>&lt;![CDATA[]]&gt;</meta_description></category_lang><category_lang><id_category>&lt;![CDATA[6]]&gt;</id_category><id_shop>&lt;![CDATA[1]]&gt;</id_shop><id_lang>&lt;![CDATA[1]]&gt;</id_lang><name>&lt;![CDATA[LED gu10]]&gt;</name><description>&lt;![CDATA[]]&gt;</description><link_rewrite>&lt;![CDATA[led-gu10]]&gt;</link_rewrite><meta_title>&lt;![CDATA[]]&gt;</meta_title><meta_keywords>&lt;![CDATA[]]&gt;</meta_keywords><meta_description>&lt;![CDATA[]]&gt;</meta_description></category_lang><category_lang><id_category>&lt;![CDATA[6]]&gt;</id_category><id_shop>&lt;![CDATA[1]]&gt;</id_shop><id_lang>&lt;![CDATA[7]]&gt;</id_lang><name>&lt;![CDATA[LED gu10]]&gt;</name><description>&lt;![CDATA[]]&gt;</description><link_rewrite>&lt;![CDATA[led-gu10]]&gt;</link_rewrite><meta_title>&lt;![CDATA[]]&gt;</meta_title><meta_keywords>&lt;![CDATA[]]&gt;</meta_keywords><meta_description>&lt;![CDATA[]]&gt;</meta_description></category_lang><category_lang><id_category>&lt;![CDATA[7]]&gt;</id_category><id_shop>&lt;![CDATA[1]]&gt;</id_shop><id_lang>&lt;![CDATA[1]]&gt;</id_lang><name>&lt;![CDATA[LED e27]]&gt;</name><description>&lt;![CDATA[]]&gt;</description><link_rewrite>&lt;![CDATA[led-e27]]&gt;</link_rewrite><meta_title>&lt;![CDATA[]]&gt;</meta_title><meta_keywords>&lt;![CDATA[]]&gt;</meta_keywords><meta_description>&lt;![CDATA[]]&gt;</meta_description></category_lang><category_lang><id_category>&lt;![CDATA[7]]&gt;</id_category><id_shop>&lt;![CDATA[1]]&gt;</id_shop><id_lang>&lt;![CDATA[7]]&gt;</id_lang><name>&lt;![CDATA[LED e27]]&gt;</name><description>&lt;![CDATA[]]&gt;</description><link_rewrite>&lt;![CDATA[led-e27]]&gt;</link_rewrite><meta_title>&lt;![CDATA[]]&gt;</meta_title><meta_keywords>&lt;![CDATA[]]&gt;</meta_keywords><meta_description>&lt;![CDATA[]]&gt;</meta_description></category_lang><category_lang><id_category>&lt;![CDATA[8]]&gt;</id_category><id_shop>&lt;![CDATA[1]]&gt;</id_shop><id_lang>&lt;![CDATA[1]]&gt;</id_lang><name>&lt;![CDATA[LED e14]]&gt;</name><description>&lt;![CDATA[]]&gt;</description><link_rewrite>&lt;![CDATA[led-e14]]&gt;</link_rewrite><meta_title>&lt;![CDATA[]]&gt;</meta_title><meta_keywords>&lt;![CDATA[]]&gt;</meta_keywords><meta_description>&lt;![CDATA[]]&gt;</meta_description></category_lang><category_lang><id_category>&lt;![CDATA[8]]&gt;</id_category><id_shop>&lt;![CDATA[1]]&gt;</id_shop><id_lang>&lt;![CDATA[7]]&gt;</id_lang><name>&lt;![CDATA[LED e14]]&gt;</name><description>&lt;![CDATA[]]&gt;</description><link_rewrite>&lt;![CDATA[led-e14]]&gt;</link_rewrite><meta_title>&lt;![CDATA[]]&gt;</meta_title><meta_keywords>&lt;![CDATA[]]&gt;</meta_keywords><meta_description>&lt;![CDATA[]]&gt;</meta_description></category_lang><category_lang><id_category>&lt;![CDATA[9]]&gt;</id_category><id_shop>&lt;![CDATA[1]]&gt;</id_shop><id_lang>&lt;![CDATA[1]]&gt;</id_lang><name>&lt;![CDATA[LED bodov&eacute; svietidl&aacute;]]&gt;</name><description>&lt;![CDATA[]]&gt;</description><link_rewrite>&lt;![CDATA[led-bodove-svietidla]]&gt;</link_rewrite><meta_title>&lt;![CDATA[]]&gt;</meta_title><meta_keywords>&lt;![CDATA[]]&gt;</meta_keywords><meta_description>&lt;![CDATA[]]&gt;</meta_description></category_lang><category_lang><id_category>&lt;![CDATA[9]]&gt;</id_category><id_shop>&lt;![CDATA[1]]&gt;</id_shop><id_lang>&lt;![CDATA[7]]&gt;</id_lang><name>&lt;![CDATA[LED bodov&eacute; svietidl&aacute;]]&gt;</name><description>&lt;![CDATA[]]&gt;</description><link_rewrite>&lt;![CDATA[led-bodove-svietidla]]&gt;</link_rewrite><meta_title>&lt;![CDATA[]]&gt;</meta_title><meta_keywords>&lt;![CDATA[]]&gt;</meta_keywords><meta_description>&lt;![CDATA[]]&gt;</meta_description></category_lang><category_lang><id_category>&lt;![CDATA[10]]&gt;</id_category><id_shop>&lt;![CDATA[1]]&gt;</id_shop><id_lang>&lt;![CDATA[1]]&gt;</id_lang><name>&lt;![CDATA[LED reflektory]]&gt;</name><description>&lt;![CDATA[]]&gt;</description><link_rewrite>&lt;![CDATA[led-reflektory]]&gt;</link_rewrite><meta_title>&lt;![CDATA[]]&gt;</meta_title><meta_keywords>&lt;![CDATA[]]&gt;</meta_keywords><meta_description>&lt;![CDATA[]]&gt;</meta_description></category_lang><category_lang><id_category>&lt;![CDATA[10]]&gt;</id_category><id_shop>&lt;![CDATA[1]]&gt;</id_shop><id_lang>&lt;![CDATA[7]]&gt;</id_lang><name>&lt;![CDATA[LED reflektory]]&gt;</name><description>&lt;![CDATA[]]&gt;</description><link_rewrite>&lt;![CDATA[led-reflektory]]&gt;</link_rewrite><meta_title>&lt;![CDATA[]]&gt;</meta_title><meta_keywords>&lt;![CDATA[]]&gt;</meta_keywords><meta_description>&lt;![CDATA[]]&gt;</meta_description></category_lang><category_lang><id_category>&lt;![CDATA[11]]&gt;</id_category><id_shop>&lt;![CDATA[1]]&gt;</id_shop><id_lang>&lt;![CDATA[1]]&gt;</id_lang><name>&lt;![CDATA[LED p&aacute;sy]]&gt;</name><description>&lt;![CDATA[]]&gt;</description><link_rewrite>&lt;![CDATA[led-pasy]]&gt;</link_rewrite><meta_title>&lt;![CDATA[]]&gt;</meta_title><meta_keywords>&lt;![CDATA[]]&gt;</meta_keywords><meta_description>&lt;![CDATA[]]&gt;</meta_description></category_lang><category_lang><id_category>&lt;![CDATA[11]]&gt;</id_category><id_shop>&lt;![CDATA[1]]&gt;</id_shop><id_lang>&lt;![CDATA[7]]&gt;</id_lang><name>&lt;![CDATA[LED p&aacute;sy]]&gt;</name><description>&lt;![CDATA[]]&gt;</description><link_rewrite>&lt;![CDATA[led-pasy]]&gt;</link_rewrite><meta_title>&lt;![CDATA[]]&gt;</meta_title><meta_keywords>&lt;![CDATA[]]&gt;</meta_keywords><meta_description>&lt;![CDATA[]]&gt;</meta_description></category_lang><category_lang><id_category>&lt;![CDATA[12]]&gt;</id_category><id_shop>&lt;![CDATA[1]]&gt;</id_shop><id_lang>&lt;![CDATA[1]]&gt;</id_lang><name>&lt;![CDATA[Nap&aacute;jacie zdroje]]&gt;</name><description>&lt;![CDATA[]]&gt;</description><link_rewrite>&lt;![CDATA[napajacie-zdroje]]&gt;</link_rewrite><meta_title>&lt;![CDATA[]]&gt;</meta_title><meta_keywords>&lt;![CDATA[]]&gt;</meta_keywords><meta_description>&lt;![CDATA[]]&gt;</meta_description></category_lang><category_lang><id_category>&lt;![CDATA[12]]&gt;</id_category><id_shop>&lt;![CDATA[1]]&gt;</id_shop><id_lang>&lt;![CDATA[7]]&gt;</id_lang><name>&lt;![CDATA[Nap&aacute;jacie zdroje]]&gt;</name><description>&lt;![CDATA[]]&gt;</description><link_rewrite>&lt;![CDATA[napajacie-zdroje]]&gt;</link_rewrite><meta_title>&lt;![CDATA[]]&gt;</meta_title><meta_keywords>&lt;![CDATA[]]&gt;</meta_keywords><meta_description>&lt;![CDATA[]]&gt;</meta_description></category_lang><category_lang><id_category>&lt;![CDATA[13]]&gt;</id_category><id_shop>&lt;![CDATA[1]]&gt;</id_shop><id_lang>&lt;![CDATA[1]]&gt;</id_lang><name>&lt;![CDATA[Pr&iacute;slu&scaron;enstvo]]&gt;</name><description>&lt;![CDATA[]]&gt;</description><link_rewrite>&lt;![CDATA[prislusenstvo]]&gt;</link_rewrite><meta_title>&lt;![CDATA[]]&gt;</meta_title><meta_keywords>&lt;![CDATA[]]&gt;</meta_keywords><meta_description>&lt;![CDATA[]]&gt;</meta_description></category_lang><category_lang><id_category>&lt;![CDATA[13]]&gt;</id_category><id_shop>&lt;![CDATA[1]]&gt;</id_shop><id_lang>&lt;![CDATA[7]]&gt;</id_lang><name>&lt;![CDATA[Pr&iacute;slu&scaron;enstvo]]&gt;</name><description>&lt;![CDATA[]]&gt;</description><link_rewrite>&lt;![CDATA[prislusenstvo]]&gt;</link_rewrite><meta_title>&lt;![CDATA[]]&gt;</meta_title><meta_keywords>&lt;![CDATA[]]&gt;</meta_keywords><meta_description>&lt;![CDATA[]]&gt;</meta_description></category_lang><category_lang><id_category>&lt;![CDATA[14]]&gt;</id_category><id_shop>&lt;![CDATA[1]]&gt;</id_shop><id_lang>&lt;![CDATA[1]]&gt;</id_lang><name>&lt;![CDATA[RGB ovl&aacute;da&#x10D;e]]&gt;</name><description>&lt;![CDATA[]]&gt;</description><link_rewrite>&lt;![CDATA[rgb-ovladace]]&gt;</link_rewrite><meta_title>&lt;![CDATA[]]&gt;</meta_title><meta_keywords>&lt;![CDATA[]]&gt;</meta_keywords><meta_description>&lt;![CDATA[]]&gt;</meta_description></category_lang><category_lang><id_category>&lt;![CDATA[14]]&gt;</id_category><id_shop>&lt;![CDATA[1]]&gt;</id_shop><id_lang>&lt;![CDATA[7]]&gt;</id_lang><name>&lt;![CDATA[RGB ovl&aacute;da&#x10D;e]]&gt;</name><description>&lt;![CDATA[]]&gt;</description><link_rewrite>&lt;![CDATA[rgb-ovladace]]&gt;</link_rewrite><meta_title>&lt;![CDATA[]]&gt;</meta_title><meta_keywords>&lt;![CDATA[]]&gt;</meta_keywords><meta_description>&lt;![CDATA[]]&gt;</meta_description></category_lang><category_lang><id_category>&lt;![CDATA[15]]&gt;</id_category><id_shop>&lt;![CDATA[1]]&gt;</id_shop><id_lang>&lt;![CDATA[1]]&gt;</id_lang><name>&lt;![CDATA[Stmieva&#x10D;e]]&gt;</name><description>&lt;![CDATA[]]&gt;</description><link_rewrite>&lt;![CDATA[stmievace]]&gt;</link_rewrite><meta_title>&lt;![CDATA[]]&gt;</meta_title><meta_keywords>&lt;![CDATA[]]&gt;</meta_keywords><meta_description>&lt;![CDATA[]]&gt;</meta_description></category_lang><category_lang><id_category>&lt;![CDATA[15]]&gt;</id_category><id_shop>&lt;![CDATA[1]]&gt;</id_shop><id_lang>&lt;![CDATA[7]]&gt;</id_lang><name>&lt;![CDATA[Stmieva&#x10D;e]]&gt;</name><description>&lt;![CDATA[]]&gt;</description><link_rewrite>&lt;![CDATA[stmievace]]&gt;</link_rewrite><meta_title>&lt;![CDATA[]]&gt;</meta_title><meta_keywords>&lt;![CDATA[]]&gt;</meta_keywords><meta_description>&lt;![CDATA[]]&gt;</meta_description></category_lang><category_lang><id_category>&lt;![CDATA[16]]&gt;</id_category><id_shop>&lt;![CDATA[1]]&gt;</id_shop><id_lang>&lt;![CDATA[1]]&gt;</id_lang><name>&lt;![CDATA[RGB zosilova&#x10D;]]&gt;</name><description>&lt;![CDATA[]]&gt;</description><link_rewrite>&lt;![CDATA[rgb-zosilovac]]&gt;</link_rewrite><meta_title>&lt;![CDATA[]]&gt;</meta_title><meta_keywords>&lt;![CDATA[]]&gt;</meta_keywords><meta_description>&lt;![CDATA[]]&gt;</meta_description></category_lang><category_lang><id_category>&lt;![CDATA[16]]&gt;</id_category><id_shop>&lt;![CDATA[1]]&gt;</id_shop><id_lang>&lt;![CDATA[7]]&gt;</id_lang><name>&lt;![CDATA[RGB zosilova&#x10D;]]&gt;</name><description>&lt;![CDATA[]]&gt;</description><link_rewrite>&lt;![CDATA[rgb-zosilovac]]&gt;</link_rewrite><meta_title>&lt;![CDATA[]]&gt;</meta_title><meta_keywords>&lt;![CDATA[]]&gt;</meta_keywords><meta_description>&lt;![CDATA[]]&gt;</meta_description></category_lang><category_lang><id_category>&lt;![CDATA[17]]&gt;</id_category><id_shop>&lt;![CDATA[1]]&gt;</id_shop><id_lang>&lt;![CDATA[1]]&gt;</id_lang><name>&lt;![CDATA[Spojky]]&gt;</name><description>&lt;![CDATA[]]&gt;</description><link_rewrite>&lt;![CDATA[spojky]]&gt;</link_rewrite><meta_title>&lt;![CDATA[]]&gt;</meta_title><meta_keywords>&lt;![CDATA[]]&gt;</meta_keywords><meta_description>&lt;![CDATA[]]&gt;</meta_description></category_lang><category_lang><id_category>&lt;![CDATA[17]]&gt;</id_category><id_shop>&lt;![CDATA[1]]&gt;</id_shop><id_lang>&lt;![CDATA[7]]&gt;</id_lang><name>&lt;![CDATA[Spojky]]&gt;</name><description>&lt;![CDATA[]]&gt;</description><link_rewrite>&lt;![CDATA[spojky]]&gt;</link_rewrite><meta_title>&lt;![CDATA[]]&gt;</meta_title><meta_keywords>&lt;![CDATA[]]&gt;</meta_keywords><meta_description>&lt;![CDATA[]]&gt;</meta_description></category_lang><category_lang><id_category>&lt;![CDATA[18]]&gt;</id_category><id_shop>&lt;![CDATA[1]]&gt;</id_shop><id_lang>&lt;![CDATA[1]]&gt;</id_lang><name>&lt;![CDATA[Mobiln&eacute; pr&iacute;slu&scaron;enstvo]]&gt;</name><description>&lt;![CDATA[]]&gt;</description><link_rewrite>&lt;![CDATA[mobilne-prislusenstvo]]&gt;</link_rewrite><meta_title>&lt;![CDATA[]]&gt;</meta_title><meta_keywords>&lt;![CDATA[]]&gt;</meta_keywords><meta_description>&lt;![CDATA[]]&gt;</meta_description></category_lang><category_lang><id_category>&lt;![CDATA[18]]&gt;</id_category><id_shop>&lt;![CDATA[1]]&gt;</id_shop><id_lang>&lt;![CDATA[7]]&gt;</id_lang><name>&lt;![CDATA[Mobiln&eacute; pr&iacute;slu&scaron;enstvo]]&gt;</name><description>&lt;![CDATA[]]&gt;</description><link_rewrite>&lt;![CDATA[mobilne-prislusenstvo]]&gt;</link_rewrite><meta_title>&lt;![CDATA[]]&gt;</meta_title><meta_keywords>&lt;![CDATA[]]&gt;</meta_keywords><meta_description>&lt;![CDATA[]]&gt;</meta_description></category_lang></category_langs></xml>
