<?xml version="1.0"?>
<xml version="1.0" encoding="utf-8"><category_groups><category_group><id_category>&lt;![CDATA[2]]&gt;</id_category><id_group>&lt;![CDATA[0]]&gt;</id_group></category_group><category_group><id_category>&lt;![CDATA[2]]&gt;</id_category><id_group>&lt;![CDATA[1]]&gt;</id_group></category_group><category_group><id_category>&lt;![CDATA[2]]&gt;</id_category><id_group>&lt;![CDATA[2]]&gt;</id_group></category_group><category_group><id_category>&lt;![CDATA[2]]&gt;</id_category><id_group>&lt;![CDATA[3]]&gt;</id_group></category_group><category_group><id_category>&lt;![CDATA[6]]&gt;</id_category><id_group>&lt;![CDATA[1]]&gt;</id_group></category_group><category_group><id_category>&lt;![CDATA[6]]&gt;</id_category><id_group>&lt;![CDATA[2]]&gt;</id_group></category_group><category_group><id_category>&lt;![CDATA[6]]&gt;</id_category><id_group>&lt;![CDATA[3]]&gt;</id_group></category_group><category_group><id_category>&lt;![CDATA[7]]&gt;</id_category><id_group>&lt;![CDATA[1]]&gt;</id_group></category_group><category_group><id_category>&lt;![CDATA[7]]&gt;</id_category><id_group>&lt;![CDATA[2]]&gt;</id_group></category_group><category_group><id_category>&lt;![CDATA[7]]&gt;</id_category><id_group>&lt;![CDATA[3]]&gt;</id_group></category_group><category_group><id_category>&lt;![CDATA[8]]&gt;</id_category><id_group>&lt;![CDATA[1]]&gt;</id_group></category_group><category_group><id_category>&lt;![CDATA[8]]&gt;</id_category><id_group>&lt;![CDATA[2]]&gt;</id_group></category_group><category_group><id_category>&lt;![CDATA[8]]&gt;</id_category><id_group>&lt;![CDATA[3]]&gt;</id_group></category_group><category_group><id_category>&lt;![CDATA[9]]&gt;</id_category><id_group>&lt;![CDATA[1]]&gt;</id_group></category_group><category_group><id_category>&lt;![CDATA[9]]&gt;</id_category><id_group>&lt;![CDATA[2]]&gt;</id_group></category_group><category_group><id_category>&lt;![CDATA[9]]&gt;</id_category><id_group>&lt;![CDATA[3]]&gt;</id_group></category_group><category_group><id_category>&lt;![CDATA[10]]&gt;</id_category><id_group>&lt;![CDATA[1]]&gt;</id_group></category_group><category_group><id_category>&lt;![CDATA[10]]&gt;</id_category><id_group>&lt;![CDATA[2]]&gt;</id_group></category_group><category_group><id_category>&lt;![CDATA[10]]&gt;</id_category><id_group>&lt;![CDATA[3]]&gt;</id_group></category_group><category_group><id_category>&lt;![CDATA[11]]&gt;</id_category><id_group>&lt;![CDATA[1]]&gt;</id_group></category_group><category_group><id_category>&lt;![CDATA[11]]&gt;</id_category><id_group>&lt;![CDATA[2]]&gt;</id_group></category_group><category_group><id_category>&lt;![CDATA[11]]&gt;</id_category><id_group>&lt;![CDATA[3]]&gt;</id_group></category_group><category_group><id_category>&lt;![CDATA[12]]&gt;</id_category><id_group>&lt;![CDATA[1]]&gt;</id_group></category_group><category_group><id_category>&lt;![CDATA[12]]&gt;</id_category><id_group>&lt;![CDATA[2]]&gt;</id_group></category_group><category_group><id_category>&lt;![CDATA[12]]&gt;</id_category><id_group>&lt;![CDATA[3]]&gt;</id_group></category_group><category_group><id_category>&lt;![CDATA[13]]&gt;</id_category><id_group>&lt;![CDATA[1]]&gt;</id_group></category_group><category_group><id_category>&lt;![CDATA[13]]&gt;</id_category><id_group>&lt;![CDATA[2]]&gt;</id_group></category_group><category_group><id_category>&lt;![CDATA[13]]&gt;</id_category><id_group>&lt;![CDATA[3]]&gt;</id_group></category_group><category_group><id_category>&lt;![CDATA[14]]&gt;</id_category><id_group>&lt;![CDATA[1]]&gt;</id_group></category_group><category_group><id_category>&lt;![CDATA[14]]&gt;</id_category><id_group>&lt;![CDATA[2]]&gt;</id_group></category_group><category_group><id_category>&lt;![CDATA[14]]&gt;</id_category><id_group>&lt;![CDATA[3]]&gt;</id_group></category_group><category_group><id_category>&lt;![CDATA[15]]&gt;</id_category><id_group>&lt;![CDATA[1]]&gt;</id_group></category_group><category_group><id_category>&lt;![CDATA[15]]&gt;</id_category><id_group>&lt;![CDATA[2]]&gt;</id_group></category_group><category_group><id_category>&lt;![CDATA[15]]&gt;</id_category><id_group>&lt;![CDATA[3]]&gt;</id_group></category_group><category_group><id_category>&lt;![CDATA[16]]&gt;</id_category><id_group>&lt;![CDATA[1]]&gt;</id_group></category_group><category_group><id_category>&lt;![CDATA[16]]&gt;</id_category><id_group>&lt;![CDATA[2]]&gt;</id_group></category_group><category_group><id_category>&lt;![CDATA[16]]&gt;</id_category><id_group>&lt;![CDATA[3]]&gt;</id_group></category_group><category_group><id_category>&lt;![CDATA[17]]&gt;</id_category><id_group>&lt;![CDATA[1]]&gt;</id_group></category_group><category_group><id_category>&lt;![CDATA[17]]&gt;</id_category><id_group>&lt;![CDATA[2]]&gt;</id_group></category_group><category_group><id_category>&lt;![CDATA[17]]&gt;</id_category><id_group>&lt;![CDATA[3]]&gt;</id_group></category_group><category_group><id_category>&lt;![CDATA[18]]&gt;</id_category><id_group>&lt;![CDATA[1]]&gt;</id_group></category_group><category_group><id_category>&lt;![CDATA[18]]&gt;</id_category><id_group>&lt;![CDATA[2]]&gt;</id_group></category_group><category_group><id_category>&lt;![CDATA[18]]&gt;</id_category><id_group>&lt;![CDATA[3]]&gt;</id_group></category_group></category_groups></xml>
