<?xml version="1.0"?>
<xml version="1.0" encoding="utf-8"><categorys><category><id_category>&lt;![CDATA[2]]&gt;</id_category><id_parent>&lt;![CDATA[1]]&gt;</id_parent><id_shop_default>&lt;![CDATA[1]]&gt;</id_shop_default><level_depth>&lt;![CDATA[1]]&gt;</level_depth><nleft>&lt;![CDATA[2]]&gt;</nleft><nright>&lt;![CDATA[29]]&gt;</nright><active>&lt;![CDATA[1]]&gt;</active><date_add>&lt;![CDATA[2013-01-10 20:23:37]]&gt;</date_add><date_upd>&lt;![CDATA[2013-01-10 20:23:37]]&gt;</date_upd><position>&lt;![CDATA[0]]&gt;</position><is_root_category>&lt;![CDATA[1]]&gt;</is_root_category></category><category><id_category>&lt;![CDATA[6]]&gt;</id_category><id_parent>&lt;![CDATA[2]]&gt;</id_parent><id_shop_default>&lt;![CDATA[1]]&gt;</id_shop_default><level_depth>&lt;![CDATA[2]]&gt;</level_depth><nleft>&lt;![CDATA[3]]&gt;</nleft><nright>&lt;![CDATA[4]]&gt;</nright><active>&lt;![CDATA[1]]&gt;</active><date_add>&lt;![CDATA[2013-02-21 09:36:05]]&gt;</date_add><date_upd>&lt;![CDATA[2013-02-21 09:36:05]]&gt;</date_upd><position>&lt;![CDATA[0]]&gt;</position><is_root_category>&lt;![CDATA[0]]&gt;</is_root_category></category><category><id_category>&lt;![CDATA[7]]&gt;</id_category><id_parent>&lt;![CDATA[2]]&gt;</id_parent><id_shop_default>&lt;![CDATA[1]]&gt;</id_shop_default><level_depth>&lt;![CDATA[2]]&gt;</level_depth><nleft>&lt;![CDATA[5]]&gt;</nleft><nright>&lt;![CDATA[6]]&gt;</nright><active>&lt;![CDATA[1]]&gt;</active><date_add>&lt;![CDATA[2013-02-21 09:36:36]]&gt;</date_add><date_upd>&lt;![CDATA[2013-02-21 09:37:47]]&gt;</date_upd><position>&lt;![CDATA[1]]&gt;</position><is_root_category>&lt;![CDATA[0]]&gt;</is_root_category></category><category><id_category>&lt;![CDATA[8]]&gt;</id_category><id_parent>&lt;![CDATA[2]]&gt;</id_parent><id_shop_default>&lt;![CDATA[1]]&gt;</id_shop_default><level_depth>&lt;![CDATA[2]]&gt;</level_depth><nleft>&lt;![CDATA[7]]&gt;</nleft><nright>&lt;![CDATA[8]]&gt;</nright><active>&lt;![CDATA[1]]&gt;</active><date_add>&lt;![CDATA[2013-02-21 09:38:13]]&gt;</date_add><date_upd>&lt;![CDATA[2013-02-21 09:38:13]]&gt;</date_upd><position>&lt;![CDATA[0]]&gt;</position><is_root_category>&lt;![CDATA[0]]&gt;</is_root_category></category><category><id_category>&lt;![CDATA[9]]&gt;</id_category><id_parent>&lt;![CDATA[2]]&gt;</id_parent><id_shop_default>&lt;![CDATA[1]]&gt;</id_shop_default><level_depth>&lt;![CDATA[2]]&gt;</level_depth><nleft>&lt;![CDATA[9]]&gt;</nleft><nright>&lt;![CDATA[10]]&gt;</nright><active>&lt;![CDATA[1]]&gt;</active><date_add>&lt;![CDATA[2013-02-21 09:38:44]]&gt;</date_add><date_upd>&lt;![CDATA[2013-02-21 09:38:44]]&gt;</date_upd><position>&lt;![CDATA[0]]&gt;</position><is_root_category>&lt;![CDATA[0]]&gt;</is_root_category></category><category><id_category>&lt;![CDATA[10]]&gt;</id_category><id_parent>&lt;![CDATA[2]]&gt;</id_parent><id_shop_default>&lt;![CDATA[1]]&gt;</id_shop_default><level_depth>&lt;![CDATA[2]]&gt;</level_depth><nleft>&lt;![CDATA[11]]&gt;</nleft><nright>&lt;![CDATA[12]]&gt;</nright><active>&lt;![CDATA[1]]&gt;</active><date_add>&lt;![CDATA[2013-02-21 09:39:07]]&gt;</date_add><date_upd>&lt;![CDATA[2013-02-21 09:39:07]]&gt;</date_upd><position>&lt;![CDATA[0]]&gt;</position><is_root_category>&lt;![CDATA[0]]&gt;</is_root_category></category><category><id_category>&lt;![CDATA[11]]&gt;</id_category><id_parent>&lt;![CDATA[2]]&gt;</id_parent><id_shop_default>&lt;![CDATA[1]]&gt;</id_shop_default><level_depth>&lt;![CDATA[2]]&gt;</level_depth><nleft>&lt;![CDATA[13]]&gt;</nleft><nright>&lt;![CDATA[14]]&gt;</nright><active>&lt;![CDATA[1]]&gt;</active><date_add>&lt;![CDATA[2013-02-22 11:05:23]]&gt;</date_add><date_upd>&lt;![CDATA[2013-02-22 11:05:23]]&gt;</date_upd><position>&lt;![CDATA[0]]&gt;</position><is_root_category>&lt;![CDATA[0]]&gt;</is_root_category></category><category><id_category>&lt;![CDATA[12]]&gt;</id_category><id_parent>&lt;![CDATA[2]]&gt;</id_parent><id_shop_default>&lt;![CDATA[1]]&gt;</id_shop_default><level_depth>&lt;![CDATA[2]]&gt;</level_depth><nleft>&lt;![CDATA[15]]&gt;</nleft><nright>&lt;![CDATA[16]]&gt;</nright><active>&lt;![CDATA[1]]&gt;</active><date_add>&lt;![CDATA[2013-02-25 08:37:05]]&gt;</date_add><date_upd>&lt;![CDATA[2013-02-25 08:37:05]]&gt;</date_upd><position>&lt;![CDATA[0]]&gt;</position><is_root_category>&lt;![CDATA[0]]&gt;</is_root_category></category><category><id_category>&lt;![CDATA[13]]&gt;</id_category><id_parent>&lt;![CDATA[2]]&gt;</id_parent><id_shop_default>&lt;![CDATA[1]]&gt;</id_shop_default><level_depth>&lt;![CDATA[2]]&gt;</level_depth><nleft>&lt;![CDATA[17]]&gt;</nleft><nright>&lt;![CDATA[26]]&gt;</nright><active>&lt;![CDATA[1]]&gt;</active><date_add>&lt;![CDATA[2013-02-25 09:46:55]]&gt;</date_add><date_upd>&lt;![CDATA[2013-02-25 09:46:55]]&gt;</date_upd><position>&lt;![CDATA[0]]&gt;</position><is_root_category>&lt;![CDATA[0]]&gt;</is_root_category></category><category><id_category>&lt;![CDATA[14]]&gt;</id_category><id_parent>&lt;![CDATA[13]]&gt;</id_parent><id_shop_default>&lt;![CDATA[1]]&gt;</id_shop_default><level_depth>&lt;![CDATA[3]]&gt;</level_depth><nleft>&lt;![CDATA[18]]&gt;</nleft><nright>&lt;![CDATA[19]]&gt;</nright><active>&lt;![CDATA[1]]&gt;</active><date_add>&lt;![CDATA[2013-02-25 09:47:39]]&gt;</date_add><date_upd>&lt;![CDATA[2013-02-25 09:47:39]]&gt;</date_upd><position>&lt;![CDATA[0]]&gt;</position><is_root_category>&lt;![CDATA[0]]&gt;</is_root_category></category><category><id_category>&lt;![CDATA[15]]&gt;</id_category><id_parent>&lt;![CDATA[13]]&gt;</id_parent><id_shop_default>&lt;![CDATA[1]]&gt;</id_shop_default><level_depth>&lt;![CDATA[3]]&gt;</level_depth><nleft>&lt;![CDATA[20]]&gt;</nleft><nright>&lt;![CDATA[21]]&gt;</nright><active>&lt;![CDATA[1]]&gt;</active><date_add>&lt;![CDATA[2013-02-25 09:48:06]]&gt;</date_add><date_upd>&lt;![CDATA[2013-02-25 09:48:06]]&gt;</date_upd><position>&lt;![CDATA[0]]&gt;</position><is_root_category>&lt;![CDATA[0]]&gt;</is_root_category></category><category><id_category>&lt;![CDATA[16]]&gt;</id_category><id_parent>&lt;![CDATA[13]]&gt;</id_parent><id_shop_default>&lt;![CDATA[1]]&gt;</id_shop_default><level_depth>&lt;![CDATA[3]]&gt;</level_depth><nleft>&lt;![CDATA[22]]&gt;</nleft><nright>&lt;![CDATA[23]]&gt;</nright><active>&lt;![CDATA[1]]&gt;</active><date_add>&lt;![CDATA[2013-02-25 09:48:29]]&gt;</date_add><date_upd>&lt;![CDATA[2013-02-25 09:48:29]]&gt;</date_upd><position>&lt;![CDATA[0]]&gt;</position><is_root_category>&lt;![CDATA[0]]&gt;</is_root_category></category><category><id_category>&lt;![CDATA[17]]&gt;</id_category><id_parent>&lt;![CDATA[13]]&gt;</id_parent><id_shop_default>&lt;![CDATA[1]]&gt;</id_shop_default><level_depth>&lt;![CDATA[3]]&gt;</level_depth><nleft>&lt;![CDATA[24]]&gt;</nleft><nright>&lt;![CDATA[25]]&gt;</nright><active>&lt;![CDATA[1]]&gt;</active><date_add>&lt;![CDATA[2013-02-25 09:48:53]]&gt;</date_add><date_upd>&lt;![CDATA[2013-02-25 09:48:53]]&gt;</date_upd><position>&lt;![CDATA[0]]&gt;</position><is_root_category>&lt;![CDATA[0]]&gt;</is_root_category></category><category><id_category>&lt;![CDATA[18]]&gt;</id_category><id_parent>&lt;![CDATA[2]]&gt;</id_parent><id_shop_default>&lt;![CDATA[1]]&gt;</id_shop_default><level_depth>&lt;![CDATA[2]]&gt;</level_depth><nleft>&lt;![CDATA[27]]&gt;</nleft><nright>&lt;![CDATA[28]]&gt;</nright><active>&lt;![CDATA[1]]&gt;</active><date_add>&lt;![CDATA[2013-09-05 15:40:12]]&gt;</date_add><date_upd>&lt;![CDATA[2013-09-05 15:40:12]]&gt;</date_upd><position>&lt;![CDATA[0]]&gt;</position><is_root_category>&lt;![CDATA[0]]&gt;</is_root_category></category></categorys></xml>
