<?xml version="1.0"?>
<xml version="1.0" encoding="utf-8"><category_shops><category_shop><id_category>&lt;![CDATA[2]]&gt;</id_category><id_shop>&lt;![CDATA[1]]&gt;</id_shop><position>&lt;![CDATA[1]]&gt;</position></category_shop><category_shop><id_category>&lt;![CDATA[6]]&gt;</id_category><id_shop>&lt;![CDATA[1]]&gt;</id_shop><position>&lt;![CDATA[0]]&gt;</position></category_shop><category_shop><id_category>&lt;![CDATA[7]]&gt;</id_category><id_shop>&lt;![CDATA[1]]&gt;</id_shop><position>&lt;![CDATA[1]]&gt;</position></category_shop><category_shop><id_category>&lt;![CDATA[8]]&gt;</id_category><id_shop>&lt;![CDATA[1]]&gt;</id_shop><position>&lt;![CDATA[2]]&gt;</position></category_shop><category_shop><id_category>&lt;![CDATA[9]]&gt;</id_category><id_shop>&lt;![CDATA[1]]&gt;</id_shop><position>&lt;![CDATA[3]]&gt;</position></category_shop><category_shop><id_category>&lt;![CDATA[10]]&gt;</id_category><id_shop>&lt;![CDATA[1]]&gt;</id_shop><position>&lt;![CDATA[4]]&gt;</position></category_shop><category_shop><id_category>&lt;![CDATA[11]]&gt;</id_category><id_shop>&lt;![CDATA[1]]&gt;</id_shop><position>&lt;![CDATA[5]]&gt;</position></category_shop><category_shop><id_category>&lt;![CDATA[12]]&gt;</id_category><id_shop>&lt;![CDATA[1]]&gt;</id_shop><position>&lt;![CDATA[6]]&gt;</position></category_shop><category_shop><id_category>&lt;![CDATA[13]]&gt;</id_category><id_shop>&lt;![CDATA[1]]&gt;</id_shop><position>&lt;![CDATA[7]]&gt;</position></category_shop><category_shop><id_category>&lt;![CDATA[14]]&gt;</id_category><id_shop>&lt;![CDATA[1]]&gt;</id_shop><position>&lt;![CDATA[1]]&gt;</position></category_shop><category_shop><id_category>&lt;![CDATA[15]]&gt;</id_category><id_shop>&lt;![CDATA[1]]&gt;</id_shop><position>&lt;![CDATA[2]]&gt;</position></category_shop><category_shop><id_category>&lt;![CDATA[16]]&gt;</id_category><id_shop>&lt;![CDATA[1]]&gt;</id_shop><position>&lt;![CDATA[3]]&gt;</position></category_shop><category_shop><id_category>&lt;![CDATA[17]]&gt;</id_category><id_shop>&lt;![CDATA[1]]&gt;</id_shop><position>&lt;![CDATA[4]]&gt;</position></category_shop><category_shop><id_category>&lt;![CDATA[18]]&gt;</id_category><id_shop>&lt;![CDATA[1]]&gt;</id_shop><position>&lt;![CDATA[8]]&gt;</position></category_shop></category_shops></xml>
