-- phpMyAdmin SQL Dump
-- version 4.1.14
-- http://www.phpmyadmin.net
--
-- Hostiteľ: 127.0.0.1
-- Čas generovania: So 28.Feb 2015, 03:54
-- Verzia serveru: 5.6.17
-- Verzia PHP: 5.5.12

SET SQL_MODE = "NO_AUTO_VALUE_ON_ZERO";
SET time_zone = "+00:00";


/*!40101 SET @OLD_CHARACTER_SET_CLIENT=@@CHARACTER_SET_CLIENT */;
/*!40101 SET @OLD_CHARACTER_SET_RESULTS=@@CHARACTER_SET_RESULTS */;
/*!40101 SET @OLD_COLLATION_CONNECTION=@@COLLATION_CONNECTION */;
/*!40101 SET NAMES utf8 */;

--
-- Databáza: `astaledlocal`
--

-- --------------------------------------------------------

--
-- Štruktúra tabuľky pre tabuľku `new_access`
--

DROP TABLE IF EXISTS `new_access`;
CREATE TABLE IF NOT EXISTS `new_access` (
  `id_profile` int(10) unsigned NOT NULL,
  `id_tab` int(10) unsigned NOT NULL,
  `view` int(11) NOT NULL,
  `add` int(11) NOT NULL,
  `edit` int(11) NOT NULL,
  `delete` int(11) NOT NULL,
  PRIMARY KEY (`id_profile`,`id_tab`)
) ENGINE=InnoDB DEFAULT CHARSET=utf8;

--
-- Sťahujem dáta pre tabuľku `new_access`
--

INSERT INTO `new_access` (`id_profile`, `id_tab`, `view`, `add`, `edit`, `delete`) VALUES
(1, 1, 1, 1, 1, 1),
(1, 5, 1, 1, 1, 1),
(1, 7, 1, 1, 1, 1),
(1, 9, 1, 1, 1, 1),
(1, 10, 1, 1, 1, 1),
(1, 11, 1, 1, 1, 1),
(1, 13, 1, 1, 1, 1),
(1, 14, 1, 1, 1, 1),
(1, 15, 1, 1, 1, 1),
(1, 16, 1, 1, 1, 1),
(1, 19, 1, 1, 1, 1),
(1, 20, 1, 1, 1, 1),
(1, 21, 1, 1, 1, 1),
(1, 22, 1, 1, 1, 1),
(1, 23, 1, 1, 1, 1),
(1, 24, 1, 1, 1, 1),
(1, 25, 1, 1, 1, 1),
(1, 26, 1, 1, 1, 1),
(1, 27, 1, 1, 1, 1),
(1, 28, 1, 1, 1, 1),
(1, 29, 1, 1, 1, 1),
(1, 30, 1, 1, 1, 1),
(1, 32, 1, 1, 1, 1),
(1, 33, 1, 1, 1, 1),
(1, 34, 1, 1, 1, 1),
(1, 35, 1, 1, 1, 1),
(1, 36, 1, 1, 1, 1),
(1, 37, 1, 1, 1, 1),
(1, 39, 1, 1, 1, 1),
(1, 40, 1, 1, 1, 1),
(1, 41, 1, 1, 1, 1),
(1, 42, 1, 1, 1, 1),
(1, 43, 1, 1, 1, 1),
(1, 45, 1, 1, 1, 1),
(1, 46, 1, 1, 1, 1),
(1, 49, 1, 1, 1, 1),
(1, 50, 1, 1, 1, 1),
(1, 51, 1, 1, 1, 1),
(1, 53, 1, 1, 1, 1),
(1, 54, 1, 1, 1, 1),
(1, 55, 1, 1, 1, 1),
(1, 56, 1, 1, 1, 1),
(1, 57, 1, 1, 1, 1),
(1, 58, 1, 1, 1, 1),
(1, 59, 1, 1, 1, 1),
(1, 60, 1, 1, 1, 1),
(1, 62, 1, 1, 1, 1),
(1, 63, 1, 1, 1, 1),
(1, 64, 1, 1, 1, 1),
(1, 67, 1, 1, 1, 1),
(1, 68, 1, 1, 1, 1),
(1, 69, 1, 1, 1, 1),
(1, 70, 1, 1, 1, 1),
(1, 71, 1, 1, 1, 1),
(1, 72, 1, 1, 1, 1),
(1, 74, 1, 1, 1, 1),
(1, 75, 1, 1, 1, 1),
(1, 76, 1, 1, 1, 1),
(1, 77, 1, 1, 1, 1),
(1, 78, 1, 1, 1, 1),
(1, 79, 1, 1, 1, 1),
(1, 81, 1, 1, 1, 1),
(1, 82, 1, 1, 1, 1),
(1, 83, 1, 1, 1, 1),
(1, 84, 1, 1, 1, 1),
(1, 85, 1, 1, 1, 1),
(1, 87, 1, 1, 1, 1),
(1, 88, 1, 1, 1, 1),
(1, 89, 1, 1, 1, 1),
(1, 90, 1, 1, 1, 1),
(1, 93, 1, 1, 1, 1),
(1, 94, 1, 1, 1, 1),
(1, 95, 1, 1, 1, 1),
(1, 96, 1, 1, 1, 1),
(1, 97, 1, 1, 1, 1),
(1, 100, 1, 1, 1, 1),
(1, 101, 1, 1, 1, 1),
(1, 102, 1, 1, 1, 1),
(1, 148, 1, 1, 1, 1),
(1, 149, 1, 1, 1, 1),
(1, 163, 1, 1, 1, 1),
(1, 188, 1, 1, 1, 1),
(1, 192, 1, 1, 1, 1),
(1, 215, 1, 1, 1, 1),
(1, 216, 1, 1, 1, 1),
(1, 217, 1, 1, 1, 1),
(1, 218, 1, 1, 1, 1),
(1, 219, 1, 1, 1, 1),
(1, 220, 1, 1, 1, 1),
(1, 221, 1, 1, 1, 1),
(1, 222, 1, 1, 1, 1),
(1, 223, 1, 1, 1, 1),
(1, 224, 1, 1, 1, 1),
(2, 1, 1, 1, 1, 1),
(2, 2, 0, 0, 0, 0),
(2, 3, 0, 0, 0, 0),
(2, 4, 0, 0, 0, 0),
(2, 5, 1, 1, 1, 1),
(2, 6, 1, 1, 1, 1),
(2, 7, 1, 1, 1, 1),
(2, 8, 0, 0, 0, 0),
(2, 9, 1, 1, 1, 1),
(2, 10, 1, 1, 1, 1),
(2, 11, 1, 1, 1, 1),
(2, 12, 0, 0, 0, 0),
(2, 13, 1, 1, 1, 1),
(2, 14, 1, 1, 1, 1),
(2, 15, 1, 1, 1, 1),
(2, 16, 1, 1, 1, 1),
(2, 17, 0, 0, 0, 0),
(2, 18, 1, 1, 1, 1),
(2, 19, 1, 1, 1, 1),
(2, 20, 1, 1, 1, 1),
(2, 21, 1, 1, 1, 1),
(2, 22, 1, 1, 1, 1),
(2, 23, 1, 1, 1, 1),
(2, 24, 1, 1, 1, 1),
(2, 25, 1, 1, 1, 1),
(2, 26, 1, 1, 1, 1),
(2, 27, 1, 1, 1, 1),
(2, 28, 1, 1, 1, 1),
(2, 29, 1, 1, 1, 1),
(2, 30, 1, 1, 1, 1),
(2, 31, 1, 1, 1, 1),
(2, 32, 1, 1, 1, 1),
(2, 33, 1, 1, 1, 1),
(2, 34, 1, 1, 1, 1),
(2, 35, 1, 1, 1, 1),
(2, 36, 1, 1, 1, 1),
(2, 37, 1, 1, 1, 1),
(2, 38, 1, 1, 1, 1),
(2, 39, 1, 1, 1, 1),
(2, 40, 1, 1, 1, 1),
(2, 41, 1, 1, 1, 1),
(2, 42, 1, 1, 1, 1),
(2, 43, 1, 1, 1, 1),
(2, 44, 0, 0, 0, 0),
(2, 45, 1, 1, 1, 1),
(2, 46, 1, 1, 1, 1),
(2, 47, 0, 0, 0, 0),
(2, 48, 1, 1, 1, 1),
(2, 49, 1, 1, 1, 1),
(2, 50, 1, 1, 1, 1),
(2, 51, 1, 1, 1, 1),
(2, 52, 1, 1, 1, 1),
(2, 53, 1, 1, 1, 1),
(2, 54, 1, 1, 1, 1),
(2, 55, 1, 1, 1, 1),
(2, 56, 1, 1, 1, 1),
(2, 57, 1, 1, 1, 1),
(2, 58, 1, 1, 1, 1),
(2, 59, 1, 1, 1, 1),
(2, 60, 1, 1, 1, 1),
(2, 61, 1, 1, 1, 1),
(2, 62, 1, 1, 1, 1),
(2, 63, 1, 1, 1, 1),
(2, 64, 1, 1, 1, 1),
(2, 65, 1, 1, 1, 1),
(2, 66, 1, 1, 1, 1),
(2, 67, 1, 1, 1, 1),
(2, 68, 1, 1, 1, 1),
(2, 69, 1, 1, 1, 1),
(2, 70, 1, 1, 1, 1),
(2, 71, 1, 1, 1, 1),
(2, 72, 1, 1, 1, 1),
(2, 73, 0, 0, 0, 0),
(2, 74, 1, 1, 1, 1),
(2, 75, 1, 1, 1, 1),
(2, 76, 1, 1, 1, 1),
(2, 77, 1, 1, 1, 1),
(2, 78, 1, 1, 1, 1),
(2, 79, 1, 1, 1, 1),
(2, 80, 0, 0, 0, 0),
(2, 81, 1, 1, 1, 1),
(2, 82, 1, 1, 1, 1),
(2, 83, 1, 1, 1, 1),
(2, 84, 1, 1, 1, 1),
(2, 85, 1, 1, 1, 1),
(2, 86, 1, 1, 1, 1),
(2, 87, 1, 1, 1, 1),
(2, 88, 1, 1, 1, 1),
(2, 89, 1, 1, 1, 1),
(2, 90, 1, 1, 1, 1),
(2, 91, 0, 0, 0, 0),
(2, 92, 1, 1, 1, 1),
(2, 93, 1, 1, 1, 1),
(2, 94, 1, 1, 1, 1),
(2, 95, 1, 1, 1, 1),
(2, 96, 1, 1, 1, 1),
(2, 97, 1, 1, 1, 1),
(2, 98, 0, 0, 0, 0),
(2, 99, 0, 0, 0, 0),
(2, 100, 1, 1, 1, 1),
(2, 101, 1, 1, 1, 1),
(2, 102, 0, 0, 0, 0),
(2, 148, 0, 0, 0, 0),
(2, 149, 0, 0, 0, 0),
(2, 163, 0, 0, 0, 0),
(2, 188, 0, 0, 0, 0),
(2, 192, 0, 0, 0, 0),
(2, 215, 0, 0, 0, 0),
(2, 216, 0, 0, 0, 0),
(2, 217, 0, 0, 0, 0),
(2, 218, 0, 0, 0, 0),
(2, 219, 0, 0, 0, 0),
(2, 220, 0, 0, 0, 0),
(2, 221, 0, 0, 0, 0),
(2, 222, 0, 0, 0, 0),
(2, 223, 0, 0, 0, 0),
(2, 224, 0, 0, 0, 0),
(3, 1, 1, 1, 1, 1),
(3, 2, 0, 0, 0, 0),
(3, 3, 0, 0, 0, 0),
(3, 4, 1, 1, 1, 1),
(3, 5, 1, 1, 1, 1),
(3, 6, 0, 0, 0, 0),
(3, 7, 0, 0, 0, 0),
(3, 8, 0, 0, 0, 0),
(3, 9, 1, 1, 1, 1),
(3, 10, 1, 1, 1, 1),
(3, 11, 1, 1, 1, 1),
(3, 12, 0, 0, 0, 0),
(3, 13, 1, 1, 1, 1),
(3, 14, 0, 0, 0, 0),
(3, 15, 0, 0, 0, 0),
(3, 16, 0, 0, 0, 0),
(3, 17, 0, 0, 0, 0),
(3, 18, 0, 0, 0, 0),
(3, 19, 0, 0, 0, 0),
(3, 20, 1, 1, 1, 1),
(3, 21, 1, 1, 1, 1),
(3, 22, 1, 1, 1, 1),
(3, 23, 1, 1, 1, 1),
(3, 24, 1, 1, 1, 1),
(3, 25, 0, 0, 0, 0),
(3, 26, 1, 1, 1, 1),
(3, 27, 1, 1, 1, 1),
(3, 28, 0, 0, 0, 0),
(3, 29, 0, 0, 0, 0),
(3, 30, 1, 1, 1, 1),
(3, 31, 1, 1, 1, 1),
(3, 32, 1, 1, 1, 1),
(3, 33, 1, 1, 1, 1),
(3, 34, 1, 1, 1, 1),
(3, 35, 1, 1, 1, 1),
(3, 36, 1, 1, 1, 1),
(3, 37, 1, 1, 1, 1),
(3, 38, 1, 1, 1, 1),
(3, 39, 1, 1, 1, 1),
(3, 40, 0, 0, 0, 0),
(3, 41, 0, 0, 0, 0),
(3, 42, 0, 0, 0, 0),
(3, 43, 0, 0, 0, 0),
(3, 44, 0, 0, 0, 0),
(3, 45, 0, 0, 0, 0),
(3, 46, 0, 0, 0, 0),
(3, 47, 0, 0, 0, 0),
(3, 48, 1, 1, 1, 1),
(3, 49, 1, 1, 1, 1),
(3, 50, 1, 1, 1, 1),
(3, 51, 1, 1, 1, 1),
(3, 52, 0, 0, 0, 0),
(3, 53, 0, 0, 0, 0),
(3, 54, 0, 0, 0, 0),
(3, 55, 0, 0, 0, 0),
(3, 56, 0, 0, 0, 0),
(3, 57, 0, 0, 0, 0),
(3, 58, 0, 0, 0, 0),
(3, 59, 0, 0, 0, 0),
(3, 60, 0, 0, 0, 0),
(3, 61, 1, 1, 1, 1),
(3, 62, 0, 0, 0, 0),
(3, 63, 0, 0, 0, 0),
(3, 64, 0, 0, 0, 0),
(3, 65, 0, 0, 0, 0),
(3, 66, 0, 0, 0, 0),
(3, 67, 0, 0, 0, 0),
(3, 68, 0, 0, 0, 0),
(3, 69, 0, 0, 0, 0),
(3, 70, 0, 0, 0, 0),
(3, 71, 0, 0, 0, 0),
(3, 72, 0, 0, 0, 0),
(3, 73, 0, 0, 0, 0),
(3, 74, 0, 0, 0, 0),
(3, 75, 0, 0, 0, 0),
(3, 76, 0, 0, 0, 0),
(3, 77, 0, 0, 0, 0),
(3, 78, 0, 0, 0, 0),
(3, 79, 0, 0, 0, 0),
(3, 80, 0, 0, 0, 0),
(3, 81, 0, 0, 0, 0),
(3, 82, 0, 0, 0, 0),
(3, 83, 0, 0, 0, 0),
(3, 84, 0, 0, 0, 0),
(3, 85, 0, 0, 0, 0),
(3, 86, 0, 0, 0, 0),
(3, 87, 0, 0, 0, 0),
(3, 88, 0, 0, 0, 0),
(3, 89, 0, 0, 0, 0),
(3, 90, 0, 0, 0, 0),
(3, 91, 0, 0, 0, 0),
(3, 92, 0, 0, 0, 0),
(3, 93, 0, 0, 0, 0),
(3, 94, 0, 0, 0, 0),
(3, 95, 1, 1, 1, 1),
(3, 96, 1, 1, 1, 1),
(3, 97, 1, 1, 1, 1),
(3, 98, 0, 0, 0, 0),
(3, 99, 0, 0, 0, 0),
(3, 100, 1, 1, 1, 1),
(3, 101, 1, 1, 1, 1),
(3, 102, 0, 0, 0, 0),
(3, 148, 0, 0, 0, 0),
(3, 149, 0, 0, 0, 0),
(3, 163, 0, 0, 0, 0),
(3, 188, 0, 0, 0, 0),
(3, 192, 0, 0, 0, 0),
(3, 215, 0, 0, 0, 0),
(3, 216, 0, 0, 0, 0),
(3, 217, 0, 0, 0, 0),
(3, 218, 0, 0, 0, 0),
(3, 219, 0, 0, 0, 0),
(3, 220, 0, 0, 0, 0),
(3, 221, 0, 0, 0, 0),
(3, 222, 0, 0, 0, 0),
(3, 223, 0, 0, 0, 0),
(3, 224, 0, 0, 0, 0),
(4, 1, 0, 0, 0, 0),
(4, 2, 0, 0, 0, 0),
(4, 3, 0, 0, 0, 0),
(4, 4, 0, 0, 0, 0),
(4, 5, 1, 0, 0, 0),
(4, 6, 0, 0, 0, 0),
(4, 7, 0, 0, 0, 0),
(4, 8, 0, 0, 0, 0),
(4, 9, 1, 1, 1, 1),
(4, 10, 0, 0, 0, 0),
(4, 11, 0, 0, 0, 0),
(4, 12, 0, 0, 0, 0),
(4, 13, 0, 0, 0, 0),
(4, 14, 0, 0, 0, 0),
(4, 15, 0, 0, 0, 0),
(4, 16, 0, 0, 0, 0),
(4, 17, 0, 0, 0, 0),
(4, 18, 0, 0, 0, 0),
(4, 19, 0, 0, 0, 0),
(4, 20, 0, 0, 0, 0),
(4, 21, 1, 1, 1, 1),
(4, 22, 1, 1, 1, 1),
(4, 23, 0, 0, 0, 0),
(4, 24, 0, 0, 0, 0),
(4, 25, 0, 0, 0, 0),
(4, 26, 0, 0, 0, 0),
(4, 27, 0, 0, 0, 0),
(4, 28, 0, 0, 0, 0),
(4, 29, 0, 0, 0, 0),
(4, 30, 0, 0, 0, 0),
(4, 31, 0, 0, 0, 0),
(4, 32, 0, 0, 0, 0),
(4, 33, 0, 0, 0, 0),
(4, 34, 0, 0, 0, 0),
(4, 35, 0, 0, 0, 0),
(4, 36, 0, 0, 0, 0),
(4, 37, 0, 0, 0, 0),
(4, 38, 0, 0, 0, 0),
(4, 39, 0, 0, 0, 0),
(4, 40, 0, 0, 0, 0),
(4, 41, 0, 0, 0, 0),
(4, 42, 0, 0, 0, 0),
(4, 43, 0, 0, 0, 0),
(4, 44, 0, 0, 0, 0),
(4, 45, 0, 0, 0, 0),
(4, 46, 0, 0, 0, 0),
(4, 47, 0, 0, 0, 0),
(4, 48, 0, 0, 0, 0),
(4, 49, 0, 0, 0, 0),
(4, 50, 0, 0, 0, 0),
(4, 51, 0, 0, 0, 0),
(4, 52, 0, 0, 0, 0),
(4, 53, 0, 0, 0, 0),
(4, 54, 0, 0, 0, 0),
(4, 55, 0, 0, 0, 0),
(4, 56, 0, 0, 0, 0),
(4, 57, 0, 0, 0, 0),
(4, 58, 0, 0, 0, 0),
(4, 59, 0, 0, 0, 0),
(4, 60, 1, 1, 1, 1),
(4, 61, 0, 0, 0, 0),
(4, 62, 0, 0, 0, 0),
(4, 63, 0, 0, 0, 0),
(4, 64, 0, 0, 0, 0),
(4, 65, 0, 0, 0, 0),
(4, 66, 0, 0, 0, 0),
(4, 67, 0, 0, 0, 0),
(4, 68, 0, 0, 0, 0),
(4, 69, 0, 0, 0, 0),
(4, 70, 0, 0, 0, 0),
(4, 71, 1, 1, 1, 1),
(4, 72, 0, 0, 0, 0),
(4, 73, 0, 0, 0, 0),
(4, 74, 0, 0, 0, 0),
(4, 75, 0, 0, 0, 0),
(4, 76, 0, 0, 0, 0),
(4, 77, 0, 0, 0, 0),
(4, 78, 0, 0, 0, 0),
(4, 79, 0, 0, 0, 0),
(4, 80, 0, 0, 0, 0),
(4, 81, 0, 0, 0, 0),
(4, 82, 0, 0, 0, 0),
(4, 83, 0, 0, 0, 0),
(4, 84, 0, 0, 0, 0),
(4, 85, 0, 0, 0, 0),
(4, 86, 0, 0, 0, 0),
(4, 87, 0, 0, 0, 0),
(4, 88, 0, 0, 0, 0),
(4, 89, 0, 0, 0, 0),
(4, 90, 0, 0, 0, 0),
(4, 91, 0, 0, 0, 0),
(4, 92, 0, 0, 0, 0),
(4, 93, 0, 0, 0, 0),
(4, 94, 0, 0, 0, 0),
(4, 95, 0, 0, 0, 0),
(4, 96, 0, 0, 0, 0),
(4, 97, 0, 0, 0, 0),
(4, 98, 0, 0, 0, 0),
(4, 99, 0, 0, 0, 0),
(4, 100, 0, 0, 0, 0),
(4, 101, 0, 0, 0, 0),
(4, 102, 0, 0, 0, 0),
(4, 148, 0, 0, 0, 0),
(4, 149, 0, 0, 0, 0),
(4, 163, 0, 0, 0, 0),
(4, 188, 0, 0, 0, 0),
(4, 192, 0, 0, 0, 0),
(4, 215, 0, 0, 0, 0),
(4, 216, 0, 0, 0, 0),
(4, 217, 0, 0, 0, 0),
(4, 218, 0, 0, 0, 0),
(4, 219, 0, 0, 0, 0),
(4, 220, 0, 0, 0, 0),
(4, 221, 0, 0, 0, 0),
(4, 222, 0, 0, 0, 0),
(4, 223, 0, 0, 0, 0),
(4, 224, 0, 0, 0, 0),
(5, 1, 1, 1, 1, 1),
(5, 2, 0, 0, 0, 0),
(5, 3, 0, 0, 0, 0),
(5, 4, 0, 0, 0, 0),
(5, 5, 1, 1, 1, 1),
(5, 6, 0, 0, 0, 0),
(5, 7, 0, 0, 0, 0),
(5, 8, 0, 0, 0, 0),
(5, 9, 1, 1, 1, 0),
(5, 10, 1, 1, 1, 1),
(5, 11, 1, 1, 1, 1),
(5, 12, 0, 0, 0, 0),
(5, 13, 0, 0, 0, 0),
(5, 14, 0, 0, 0, 0),
(5, 15, 0, 0, 0, 0),
(5, 16, 0, 0, 0, 0),
(5, 17, 1, 0, 0, 0),
(5, 18, 0, 0, 0, 0),
(5, 19, 0, 0, 0, 0),
(5, 20, 1, 0, 0, 0),
(5, 21, 1, 0, 0, 0),
(5, 22, 0, 0, 0, 0),
(5, 23, 0, 0, 0, 0),
(5, 24, 0, 0, 0, 0),
(5, 25, 0, 0, 0, 0),
(5, 26, 0, 0, 0, 0),
(5, 27, 0, 0, 0, 0),
(5, 28, 0, 0, 0, 0),
(5, 29, 0, 0, 0, 0),
(5, 30, 0, 0, 0, 0),
(5, 31, 1, 1, 1, 0),
(5, 32, 0, 0, 0, 0),
(5, 33, 0, 0, 0, 0),
(5, 34, 0, 0, 0, 0),
(5, 35, 0, 0, 0, 0),
(5, 36, 0, 0, 0, 0),
(5, 37, 0, 0, 0, 0),
(5, 38, 1, 1, 1, 1),
(5, 39, 1, 1, 1, 1),
(5, 40, 0, 0, 0, 0),
(5, 41, 1, 1, 1, 1),
(5, 42, 0, 0, 0, 0),
(5, 43, 0, 0, 0, 0),
(5, 44, 0, 0, 0, 0),
(5, 45, 0, 0, 0, 0),
(5, 46, 0, 0, 0, 0),
(5, 47, 0, 0, 0, 0),
(5, 48, 0, 0, 0, 0),
(5, 49, 0, 0, 0, 0),
(5, 50, 0, 0, 0, 0),
(5, 51, 0, 0, 0, 0),
(5, 52, 0, 0, 0, 0),
(5, 53, 0, 0, 0, 0),
(5, 54, 0, 0, 0, 0),
(5, 55, 0, 0, 0, 0),
(5, 56, 0, 0, 0, 0),
(5, 57, 0, 0, 0, 0),
(5, 58, 0, 0, 0, 0),
(5, 59, 0, 0, 0, 0),
(5, 60, 0, 0, 0, 0),
(5, 61, 0, 0, 0, 0),
(5, 62, 0, 0, 0, 0),
(5, 63, 0, 0, 0, 0),
(5, 64, 0, 0, 0, 0),
(5, 65, 0, 0, 0, 0),
(5, 66, 0, 0, 0, 0),
(5, 67, 0, 0, 0, 0),
(5, 68, 0, 0, 0, 0),
(5, 69, 0, 0, 0, 0),
(5, 70, 0, 0, 0, 0),
(5, 71, 0, 0, 0, 0),
(5, 72, 0, 0, 0, 0),
(5, 73, 0, 0, 0, 0),
(5, 74, 0, 0, 0, 0),
(5, 75, 0, 0, 0, 0),
(5, 76, 0, 0, 0, 0),
(5, 77, 0, 0, 0, 0),
(5, 78, 0, 0, 0, 0),
(5, 79, 0, 0, 0, 0),
(5, 80, 0, 0, 0, 0),
(5, 81, 0, 0, 0, 0),
(5, 82, 0, 0, 0, 0),
(5, 83, 0, 0, 0, 0),
(5, 84, 0, 0, 0, 0),
(5, 85, 0, 0, 0, 0),
(5, 86, 0, 0, 0, 0),
(5, 87, 0, 0, 0, 0),
(5, 88, 0, 0, 0, 0),
(5, 89, 0, 0, 0, 0),
(5, 90, 0, 0, 0, 0),
(5, 91, 0, 0, 0, 0),
(5, 92, 0, 0, 0, 0),
(5, 93, 0, 0, 0, 0),
(5, 94, 0, 0, 0, 0),
(5, 95, 0, 0, 0, 0),
(5, 96, 0, 0, 0, 0),
(5, 97, 0, 0, 0, 0),
(5, 98, 0, 0, 0, 0),
(5, 99, 0, 0, 0, 0),
(5, 100, 0, 0, 0, 0),
(5, 101, 0, 0, 0, 0),
(5, 102, 0, 0, 0, 0),
(5, 148, 0, 0, 0, 0),
(5, 149, 0, 0, 0, 0),
(5, 163, 1, 1, 1, 1),
(5, 188, 0, 0, 0, 0),
(5, 192, 0, 0, 0, 0),
(5, 215, 1, 1, 1, 1),
(5, 216, 1, 1, 1, 1),
(5, 217, 0, 0, 0, 0),
(5, 218, 1, 0, 0, 0),
(5, 219, 1, 0, 0, 0),
(5, 220, 0, 0, 0, 0),
(5, 221, 1, 1, 1, 1),
(5, 222, 0, 0, 0, 0),
(5, 223, 1, 1, 1, 1),
(5, 224, 0, 0, 0, 0),
(6, 1, 0, 0, 0, 0),
(6, 2, 0, 0, 0, 0),
(6, 3, 0, 0, 0, 0),
(6, 4, 0, 0, 0, 0),
(6, 5, 0, 0, 0, 0),
(6, 6, 0, 0, 0, 0),
(6, 7, 0, 0, 0, 0),
(6, 8, 0, 0, 0, 0),
(6, 9, 0, 0, 0, 0),
(6, 10, 1, 0, 0, 0),
(6, 11, 1, 0, 0, 0),
(6, 12, 0, 0, 0, 0),
(6, 13, 0, 0, 0, 0),
(6, 14, 0, 0, 0, 0),
(6, 15, 0, 0, 0, 0),
(6, 16, 0, 0, 0, 0),
(6, 17, 0, 0, 0, 0),
(6, 18, 0, 0, 0, 0),
(6, 19, 0, 0, 0, 0),
(6, 20, 0, 0, 0, 0),
(6, 21, 1, 0, 0, 0),
(6, 22, 1, 0, 0, 0),
(6, 23, 0, 0, 0, 0),
(6, 24, 0, 0, 0, 0),
(6, 25, 0, 0, 0, 0),
(6, 26, 1, 0, 0, 0),
(6, 27, 0, 0, 0, 0),
(6, 28, 0, 0, 0, 0),
(6, 29, 0, 0, 0, 0),
(6, 30, 0, 0, 0, 0),
(6, 31, 1, 0, 0, 0),
(6, 32, 1, 0, 0, 0),
(6, 33, 1, 0, 0, 0),
(6, 34, 1, 0, 0, 0),
(6, 35, 1, 0, 0, 0),
(6, 36, 1, 0, 0, 0),
(6, 37, 1, 0, 0, 0),
(6, 38, 1, 0, 0, 0),
(6, 39, 1, 0, 0, 0),
(6, 40, 1, 0, 0, 0),
(6, 41, 1, 0, 0, 0),
(6, 42, 1, 0, 0, 0),
(6, 43, 1, 0, 0, 0),
(6, 44, 0, 0, 0, 0),
(6, 45, 0, 0, 0, 0),
(6, 46, 0, 0, 0, 0),
(6, 47, 0, 0, 0, 0),
(6, 48, 0, 0, 0, 0),
(6, 49, 0, 0, 0, 0),
(6, 50, 0, 0, 0, 0),
(6, 51, 0, 0, 0, 0),
(6, 52, 0, 0, 0, 0),
(6, 53, 0, 0, 0, 0),
(6, 54, 0, 0, 0, 0),
(6, 55, 0, 0, 0, 0),
(6, 56, 0, 0, 0, 0),
(6, 57, 0, 0, 0, 0),
(6, 58, 0, 0, 0, 0),
(6, 59, 0, 0, 0, 0),
(6, 60, 0, 0, 0, 0),
(6, 61, 0, 0, 0, 0),
(6, 62, 0, 0, 0, 0),
(6, 63, 0, 0, 0, 0),
(6, 64, 0, 0, 0, 0),
(6, 65, 0, 0, 0, 0),
(6, 66, 0, 0, 0, 0),
(6, 67, 0, 0, 0, 0),
(6, 68, 0, 0, 0, 0),
(6, 69, 0, 0, 0, 0),
(6, 70, 0, 0, 0, 0),
(6, 71, 0, 0, 0, 0),
(6, 72, 0, 0, 0, 0),
(6, 73, 0, 0, 0, 0),
(6, 74, 0, 0, 0, 0),
(6, 75, 0, 0, 0, 0),
(6, 76, 0, 0, 0, 0),
(6, 77, 0, 0, 0, 0),
(6, 78, 0, 0, 0, 0),
(6, 79, 0, 0, 0, 0),
(6, 80, 0, 0, 0, 0),
(6, 81, 0, 0, 0, 0),
(6, 82, 0, 0, 0, 0),
(6, 83, 0, 0, 0, 0),
(6, 84, 0, 0, 0, 0),
(6, 85, 0, 0, 0, 0),
(6, 86, 0, 0, 0, 0),
(6, 87, 0, 0, 0, 0),
(6, 88, 0, 0, 0, 0),
(6, 89, 0, 0, 0, 0),
(6, 90, 0, 0, 0, 0),
(6, 91, 0, 0, 0, 0),
(6, 92, 0, 0, 0, 0),
(6, 93, 0, 0, 0, 0),
(6, 94, 0, 0, 0, 0),
(6, 95, 0, 0, 0, 0),
(6, 96, 0, 0, 0, 0),
(6, 97, 0, 0, 0, 0),
(6, 98, 0, 0, 0, 0),
(6, 99, 0, 0, 0, 0),
(6, 100, 0, 0, 0, 0),
(6, 101, 0, 0, 0, 0),
(6, 102, 0, 0, 0, 0),
(6, 148, 0, 0, 0, 0),
(6, 149, 0, 0, 0, 0),
(6, 163, 0, 0, 0, 0),
(6, 188, 0, 0, 0, 0),
(6, 192, 0, 0, 0, 0),
(6, 215, 0, 0, 0, 0),
(6, 216, 0, 0, 0, 0),
(6, 217, 0, 0, 0, 0),
(6, 218, 0, 0, 0, 0),
(6, 219, 0, 0, 0, 0),
(6, 220, 0, 0, 0, 0),
(6, 221, 0, 0, 0, 0),
(6, 222, 0, 0, 0, 0),
(6, 223, 0, 0, 0, 0),
(6, 224, 0, 0, 0, 0);

-- --------------------------------------------------------

--
-- Štruktúra tabuľky pre tabuľku `new_tab`
--

DROP TABLE IF EXISTS `new_tab`;
CREATE TABLE IF NOT EXISTS `new_tab` (
  `id_tab` int(10) unsigned NOT NULL AUTO_INCREMENT,
  `id_parent` int(11) NOT NULL,
  `class_name` varchar(64) NOT NULL,
  `module` varchar(64) DEFAULT NULL,
  `position` int(10) unsigned NOT NULL,
  `active` tinyint(1) NOT NULL DEFAULT '1',
  PRIMARY KEY (`id_tab`),
  KEY `class_name` (`class_name`) USING BTREE,
  KEY `id_parent` (`id_parent`) USING BTREE
) ENGINE=InnoDB  DEFAULT CHARSET=utf8 AUTO_INCREMENT=225 ;

--
-- Sťahujem dáta pre tabuľku `new_tab`
--

INSERT INTO `new_tab` (`id_tab`, `id_parent`, `class_name`, `module`, `position`, `active`) VALUES
(1, -1, 'AdminHome', '', 0, 1),
(2, -1, 'AdminCms', '', 1, 1),
(3, -1, 'AdminCmsCategories', '', 2, 1),
(4, -1, 'AdminAttributeGenerator', '', 3, 1),
(5, -1, 'AdminSearch', '', 4, 1),
(6, -1, 'AdminLogin', '', 5, 1),
(7, -1, 'AdminShop', '', 6, 1),
(8, -1, 'AdminShopUrl', '', 7, 1),
(9, 0, 'AdminCatalog', '', 1, 1),
(10, 0, 'AdminParentOrders', '', 2, 1),
(11, 0, 'AdminParentCustomer', '', 3, 1),
(12, 0, 'AdminPriceRule', '', 4, 1),
(13, 0, 'AdminParentShipping', '', 5, 1),
(14, 0, 'AdminParentLocalization', '', 6, 1),
(15, 0, 'AdminParentModules', NULL, 7, 1),
(16, 0, 'AdminParentPreferences', '', 8, 1),
(17, 0, 'AdminTools', '', 9, 1),
(18, 0, 'AdminAdmin', NULL, 10, 1),
(19, 0, 'AdminParentStats', '', 11, 1),
(20, 0, 'AdminStock', NULL, 12, 1),
(21, 9, 'AdminProducts', '', 1, 1),
(22, 9, 'AdminCategories', '', 2, 1),
(23, 9, 'AdminTracking', '', 3, 1),
(24, 9, 'AdminAttributesGroups', '', 4, 1),
(25, 9, 'AdminFeatures', '', 5, 1),
(26, 9, 'AdminManufacturers', '', 6, 1),
(27, 9, 'AdminSuppliers', '', 7, 1),
(28, 9, 'AdminScenes', '', 8, 1),
(29, 9, 'AdminTags', NULL, 9, 1),
(30, 9, 'AdminAttachments', '', 10, 1),
(31, 10, 'AdminOrders', '', 1, 1),
(32, 10, 'AdminInvoices', '', 2, 1),
(33, 10, 'AdminReturn', '', 3, 1),
(34, 10, 'AdminDeliverySlip', '', 4, 1),
(35, 10, 'AdminSlip', '', 5, 1),
(36, 10, 'AdminStatuses', '', 6, 1),
(37, 10, 'AdminOrderMessage', '', 7, 1),
(38, 11, 'AdminCustomers', '', 1, 1),
(39, 11, 'AdminAddresses', '', 2, 1),
(40, 11, 'AdminGroups', '', 3, 1),
(41, 11, 'AdminCarts', '', 4, 1),
(42, 11, 'AdminCustomerThreads', '', 5, 1),
(43, 11, 'AdminContacts', NULL, 6, 1),
(44, 11, 'AdminGenders', '', 7, 1),
(45, 11, 'AdminOutstanding', '', 8, 0),
(46, 12, 'AdminCartRules', '', 0, 1),
(47, 12, 'AdminSpecificPriceRule', '', 1, 1),
(48, 13, 'AdminShipping', '', 0, 1),
(49, 13, 'AdminCarriers', '', 1, 1),
(50, 13, 'AdminRangePrice', '', 2, 1),
(51, 13, 'AdminRangeWeight', '', 3, 1),
(52, 14, 'AdminLocalization', '', 0, 1),
(53, 14, 'AdminLanguages', '', 1, 1),
(54, 14, 'AdminZones', NULL, 2, 1),
(55, 14, 'AdminCountries', '', 3, 1),
(56, 14, 'AdminStates', '', 4, 1),
(57, 14, 'AdminCurrencies', '', 5, 1),
(58, 14, 'AdminTaxes', NULL, 6, 1),
(59, 14, 'AdminTaxRulesGroup', '', 7, 1),
(60, 14, 'AdminTranslations', '', 8, 1),
(61, 15, 'AdminModules', NULL, 1, 1),
(62, 15, 'AdminAddonsCatalog', '', 2, 1),
(63, 15, 'AdminModulesPositions', NULL, 3, 1),
(64, 15, 'AdminPayment', '', 4, 1),
(65, 16, 'AdminPreferences', '', 0, 1),
(66, 16, 'AdminOrderPreferences', '', 1, 1),
(67, 16, 'AdminPPreferences', '', 2, 1),
(68, 16, 'AdminCustomerPreferences', '', 3, 1),
(69, 16, 'AdminThemes', '', 4, 1),
(70, 16, 'AdminMeta', NULL, 5, 1),
(71, 16, 'AdminCmsContent', NULL, 6, 1),
(72, 16, 'AdminImages', NULL, 7, 1),
(73, 16, 'AdminStores', '', 8, 1),
(74, 16, 'AdminSearchConf', '', 9, 1),
(75, 16, 'AdminMaintenance', NULL, 10, 1),
(76, 16, 'AdminGeolocation', '', 11, 1),
(77, 17, 'AdminInformation', '', 1, 1),
(78, 17, 'AdminPerformance', '', 2, 1),
(79, 17, 'AdminEmails', '', 3, 1),
(80, 17, 'AdminShopGroup', '', 4, 0),
(81, 17, 'AdminImport', '', 5, 1),
(82, 17, 'AdminBackup', '', 6, 1),
(83, 17, 'AdminRequestSql', '', 7, 1),
(84, 17, 'AdminLogs', '', 8, 1),
(85, 17, 'AdminWebservice', '', 9, 1),
(86, 18, 'AdminAdminPreferences', '', 0, 1),
(87, 18, 'AdminQuickAccesses', '', 1, 1),
(88, 18, 'AdminEmployees', '', 2, 1),
(89, 18, 'AdminProfiles', '', 3, 1),
(90, 18, 'AdminAccess', NULL, 4, 1),
(91, 18, 'AdminTabs', NULL, 5, 1),
(92, 19, 'AdminStats', '', 0, 1),
(93, 19, 'AdminSearchEngines', '', 1, 1),
(94, 19, 'AdminReferrers', '', 2, 1),
(95, 20, 'AdminWarehouses', '', 0, 1),
(96, 20, 'AdminStockManagement', '', 1, 1),
(97, 20, 'AdminStockMvt', '', 2, 1),
(98, 20, 'AdminStockInstantState', '', 3, 1),
(99, 20, 'AdminStockCover', '', 4, 1),
(100, 20, 'AdminSupplyOrders', '', 5, 1),
(101, 20, 'AdminStockConfiguration', NULL, 6, 1),
(163, 11, 'Visits', 'customervisit', 9, 1),
(192, 10, 'MRPExport', 'export2mrp', 8, 1),
(193, 9, 'AdminVegaStock', NULL, 11, 1),
(215, 17, 'Update', 'data', 10, 1),
(216, 10, 'ExportOrders', 'data', 9, 1),
(217, 10, 'ImportOrders', 'data', 10, 1),
(218, 9, 'Provisions', 'data', 12, 1),
(219, 9, 'VIPPrices', 'data', 13, 1),
(220, 9, 'ExportProducts', 'data', 14, 1),
(221, 9, 'ImportProducts', 'data', 15, 1),
(222, 19, 'Statistika1', 'data', 3, 1),
(223, 9, 'StockUpdate', 'data', 16, 1),
(224, 17, 'UploadStockUpdate', 'data', 11, 1);

-- --------------------------------------------------------

--
-- Štruktúra tabuľky pre tabuľku `new_tab_lang`
--

DROP TABLE IF EXISTS `new_tab_lang`;
CREATE TABLE IF NOT EXISTS `new_tab_lang` (
  `id_tab` int(10) unsigned NOT NULL,
  `id_lang` int(10) unsigned NOT NULL,
  `name` varchar(32) DEFAULT NULL,
  PRIMARY KEY (`id_tab`,`id_lang`)
) ENGINE=InnoDB DEFAULT CHARSET=utf8;

--
-- Sťahujem dáta pre tabuľku `new_tab_lang`
--

INSERT INTO `new_tab_lang` (`id_tab`, `id_lang`, `name`) VALUES
(1, 1, 'Home'),
(1, 7, 'Domov'),
(2, 1, 'CMS Pages'),
(2, 7, 'CMS Stránky'),
(3, 1, 'CMS Categories'),
(3, 7, 'CMS Kategórie'),
(4, 1, 'Combinations Generator'),
(4, 7, 'Vygenerovať kombinácie'),
(5, 1, 'Search'),
(5, 7, 'Hľedať'),
(6, 1, 'Login'),
(6, 7, 'Prihlásiť'),
(7, 1, 'Shops'),
(7, 7, 'Obchody'),
(8, 1, 'Shop URLs'),
(8, 7, 'URL obchodov'),
(9, 1, 'Catalog'),
(9, 7, 'Katalóg'),
(10, 1, 'Orders'),
(10, 7, 'Objednávky'),
(11, 1, 'Customers'),
(11, 7, 'Zákazníci'),
(12, 1, 'Price Rules'),
(12, 7, 'Kupóny'),
(13, 1, 'Shipping'),
(13, 7, 'Doprava'),
(14, 1, 'Localization'),
(14, 7, 'Lokalizácia'),
(15, 1, 'Modules'),
(15, 7, 'Moduly'),
(16, 1, 'Preferences'),
(16, 7, 'Nastavenia'),
(17, 1, 'Advanced Parameters'),
(17, 7, 'Nástroje'),
(18, 1, 'Administration'),
(18, 7, 'Administrácia'),
(19, 1, 'Stats'),
(19, 7, 'Štatistika'),
(20, 1, 'Stock'),
(20, 7, 'Sklad'),
(21, 1, 'Products'),
(21, 7, 'Tovar'),
(22, 1, 'Categories'),
(22, 7, 'Kategérie'),
(23, 1, 'Monitoring'),
(23, 7, 'Sledovanie stavov'),
(24, 1, 'Attributes and Values'),
(24, 7, 'Atribúty a skupiny'),
(25, 1, 'Features'),
(25, 7, 'Funkcie'),
(26, 1, 'Manufacturers'),
(26, 7, 'Výrobcovia'),
(27, 1, 'Suppliers'),
(27, 7, 'Dodávatelia'),
(28, 1, 'Image Mapping'),
(28, 7, 'Mapovanie obrázkov'),
(29, 1, 'Tags'),
(29, 7, 'Tagy/Štítky'),
(30, 1, 'Attachments'),
(30, 7, 'Prílohy'),
(31, 1, 'Orders'),
(31, 7, 'Objednávky'),
(32, 1, 'Invoices'),
(32, 7, 'Faktúry'),
(33, 1, 'Merchandise Returns'),
(33, 7, 'Vrátený tovar'),
(34, 1, 'Delivery Slips'),
(34, 7, 'Dodacie listy'),
(35, 1, 'Credit Slips'),
(35, 7, 'Dobropisy'),
(36, 1, 'Statuses'),
(36, 7, 'Stavy objednávok'),
(37, 1, 'Order Messages'),
(37, 7, 'Správy k objednávkam'),
(38, 1, 'Customers'),
(38, 7, 'Zákazníci'),
(39, 1, 'Addresses'),
(39, 7, 'Adresy / Prevádzky'),
(40, 1, 'Groups'),
(40, 7, 'Skupiny'),
(41, 1, 'Shopping Carts'),
(41, 7, 'Košíky'),
(42, 1, 'Customer Service'),
(42, 7, 'Dotazy zákazníkov'),
(43, 1, 'Contacts'),
(43, 7, 'Kontakty'),
(44, 1, 'Titles'),
(44, 7, 'Tituly'),
(45, 1, 'Outstanding'),
(45, 7, 'Neplatiči'),
(46, 1, 'Cart Rules'),
(46, 7, 'Pravidlá pre košík'),
(47, 1, 'Catalog Price Rules'),
(47, 7, 'Pravidlá pre katalógové ceny'),
(48, 1, 'Shipping'),
(48, 7, 'Doprava'),
(49, 1, 'Carriers'),
(49, 7, 'Dopravcovia'),
(50, 1, 'Price Ranges'),
(50, 7, 'Cenové rozsahy'),
(51, 1, 'Weight Ranges'),
(51, 7, 'Hmotnostné rozsahy'),
(52, 1, 'Localization'),
(52, 7, 'Lokalizácia'),
(53, 1, 'Languages'),
(53, 7, 'Jazyky'),
(54, 1, 'Zones'),
(54, 7, 'Zóny'),
(55, 1, 'Countries'),
(55, 7, 'Krajiny'),
(56, 1, 'States'),
(56, 7, 'Štáty'),
(57, 1, 'Currencies'),
(57, 7, 'Meny'),
(58, 1, 'Taxes'),
(58, 7, 'Dane'),
(59, 1, 'Tax Rules'),
(59, 7, 'Daňové sadzby'),
(60, 1, 'Translations'),
(60, 7, 'Preklady'),
(61, 1, 'Modules'),
(61, 7, 'Moduly'),
(62, 1, 'Modules & Themes Catalog'),
(62, 7, 'Katalóg modulov a šablón'),
(63, 1, 'Positions'),
(63, 7, 'Nastavenie pozície modulov'),
(64, 1, 'Payment'),
(64, 7, 'Platobné moduly'),
(65, 1, 'General'),
(65, 7, 'Základné'),
(66, 1, 'Orders'),
(66, 7, 'Objednávky'),
(67, 1, 'Products'),
(67, 7, 'Tvoar'),
(68, 1, 'Customers'),
(68, 7, 'Kontakty'),
(69, 1, 'Themes'),
(69, 7, 'Vzhľad'),
(70, 1, 'SEO & URLs'),
(70, 7, 'SEO a odkazy'),
(71, 1, 'CMS'),
(71, 7, 'CMS'),
(72, 1, 'Images'),
(72, 7, 'Obrázky'),
(73, 1, 'Store Contacts'),
(73, 7, 'Kontakty Obchodov'),
(74, 1, 'Search'),
(74, 7, 'Vyhľadávanie'),
(75, 1, 'Maintenance'),
(75, 7, 'Údržba'),
(76, 1, 'Geolocation'),
(76, 7, 'Geolokácia'),
(77, 1, 'Configuration Information'),
(77, 7, 'Informácie o konfigurácii'),
(78, 1, 'Performance'),
(78, 7, 'Výkon a zrýchlenie'),
(79, 1, 'E-mail'),
(79, 7, 'E-mail'),
(80, 1, 'Multistore'),
(80, 7, 'Multi obchod'),
(81, 1, 'CSV Import'),
(81, 7, 'Import CSV'),
(82, 1, 'DB Backup'),
(82, 7, 'Záloha DB'),
(83, 1, 'SQL Manager'),
(83, 7, 'Manažer SQL'),
(84, 1, 'Logs'),
(84, 7, 'Logovanie'),
(85, 1, 'Webservice'),
(85, 7, 'Web servis'),
(86, 1, 'Preferences'),
(86, 7, 'Predvolby'),
(87, 1, 'Quick Access'),
(87, 7, 'Rýchly prístup'),
(88, 1, 'Employees'),
(88, 7, 'Zamestnanci'),
(89, 1, 'Profiles'),
(89, 7, 'Profily'),
(90, 1, 'Permissions'),
(90, 7, 'Oprávnenia'),
(91, 1, 'Menus'),
(91, 7, 'Záložky'),
(92, 1, 'Stats'),
(92, 7, 'Štatistiky'),
(93, 1, 'Search Engines'),
(93, 7, 'Vyhľadávače'),
(94, 1, 'Referrers'),
(94, 7, 'Sledovanie zákazníkov'),
(95, 1, 'Warehouses'),
(95, 7, 'Sklady'),
(96, 1, 'Stock Management'),
(96, 7, 'Skladové hospodárstvo'),
(97, 1, 'Stock Movement'),
(97, 7, 'Pohyby na sklade'),
(98, 1, 'Instant Stock Status'),
(98, 7, 'Okamžitý stav skladu'),
(99, 1, 'Stock Coverage'),
(99, 7, 'Pokrytie skladu'),
(100, 1, 'Supply orders'),
(100, 7, 'Dodavateľské objednávky'),
(101, 1, 'Configuration'),
(101, 7, 'Konfigurácia'),
(102, 1, 'Data'),
(102, 7, 'Data'),
(148, 1, 'Export Orders'),
(148, 7, 'Export Orders'),
(149, 1, 'Import Orders'),
(149, 7, 'Import Orders'),
(163, 1, 'Návštevy'),
(163, 7, 'Návštevy'),
(188, 1, 'Export pre MRP'),
(188, 7, 'Export pre MRP'),
(192, 1, 'Export pre MRP'),
(192, 7, 'Export pre MRP'),
(193, 1, 'Aktualizácia skladu'),
(193, 7, 'Aktualizácia skladu'),
(215, 1, 'Aktualizácia systému'),
(215, 7, 'Aktualizácia systému'),
(216, 1, 'Export Objednávok'),
(216, 7, 'Export Objednávok'),
(217, 1, 'Import Objednávok'),
(217, 7, 'Import Objednávok'),
(218, 1, 'Provízie'),
(218, 7, 'Provízie'),
(219, 1, 'VIP Ceny a Provízie'),
(219, 7, 'VIP Ceny a Provízie'),
(220, 1, 'Export Produktov'),
(220, 7, 'Export Produktov'),
(221, 1, 'Aktualizácia produktov'),
(221, 7, 'Aktualizácia produktov'),
(222, 1, 'Štatistika energizer'),
(222, 7, 'Štatistika energizer'),
(223, 1, 'Import výdajky'),
(223, 7, 'Import výdajky'),
(224, 1, 'Upload výdajky pre OZ'),
(224, 7, 'Upload výdajky pre OZ');

/*!40101 SET CHARACTER_SET_CLIENT=@OLD_CHARACTER_SET_CLIENT */;
/*!40101 SET CHARACTER_SET_RESULTS=@OLD_CHARACTER_SET_RESULTS */;
/*!40101 SET COLLATION_CONNECTION=@OLD_COLLATION_CONNECTION */;
